Isolate ID,Project,Primary ioslation date,Date Extracted,Date,Location,Current Isolate Status,Phytophthora likely,Morphology,Species ,Ready to Extract,Media,Backup Location,Notes
FZJ001-1 Soil,Swordfern Soil Bait Isolates,4/9/25,4/25/25,4/18/25,V8 Broth Racks & Soil Swordfern Isolates,final,,,Elongisporangium anandrum ,yes,V8B,,
FZJ001-2 Soil,Swordfern Soil Bait Isolates,,4/25/25,4/18/25,V8 Broth Racks & Soil Swordfern Isolates,final,Y,,Phytophthora syringae,yes,V8B,.,
FZJ001-3 Soil,Swordfern Soil Bait Isolates,4/11/25,4/25/25,4/18/25,V8 Broth Racks & Soil Swordfern Isolates,final,Y,,Phytophthora syringae,yes,V8B,.,
FZJ001-4 Soil,Swordfern Soil Bait Isolates,4/11/25,4/25/25,4/18/25,V8 Broth Racks & Soil Swordfern Isolates,final,,,Elongisporangium anandrum ,yes,V8B,,
FZJ002-1 Soil,Swordfern Soil Bait Isolates,4/10/25,4/25/25,4/18/25,V8 Broth Racks & Soil Swordfern Isolates,final,,Group 1,Pythium attrantheridium,yes,V8B,,
FZJ002-2 Soil,Swordfern Soil Bait Isolates,,,4/18/25,V8 Broth Racks & Soil Swordfern Isolates,final,,Group 1,Pythium attrantheridium,yes,V8B,,
FZJ002-3 Soil,Swordfern Soil Bait Isolates,4/14/25,,,,,,,,,,,
FZJ003-1 Soil,Swordfern Soil Bait Isolates,,4/25/25,4/18/25,V8 Broth Racks & Soil Swordfern Isolates,final,,,Pythium attrantheridium,yes,V8B,,
FZJ004-1 Soil,Swordfern Soil Bait Isolates,4/10/25,,4/18/25,V8 Broth Racks & Soil Swordfern Isolates,final,Y,Group 19,Phytophthora syringae,yes,V8B,.,
FZJ004-2 Soil,Swordfern Soil Bait Isolates,4/11/25,4/25/25,4/18/25,V8 Broth Racks & Soil Swordfern Isolates,final,,,Globisporangium intermedium,yes,V8B,,
FZJ004-3 Soil,Swordfern Soil Bait Isolates,4/14/25,4/25/25,4/18/25,V8 Broth Racks & Soil Swordfern Isolates,final,Y,Group 19,Phytophthora syringae,yes,V8B,.,
FZJ005-1 Soil,Swordfern Soil Bait Isolates,4/9/25,4/25/25,4/18/25,V8 Broth Racks & Soil Swordfern Isolates,final,,,Phytopythium sp. 1,yes,V8B,,
FZJ006-1 Soil,Swordfern Soil Bait Isolates,,4/25/25,4/18/25,V8 Broth Racks & Soil Swordfern Isolates,final,,Group 2,Elongisporangium anandrum ,yes,V8B,,
FZJ006-2 Soil,Swordfern Soil Bait Isolates,,,4/18/25,V8 Broth Racks & Soil Swordfern Isolates,final,,Group 2,Elongisporangium anandrum ,yes,V8B,,
FZJ007-1 Soil,Swordfern Soil Bait Isolates,4/14/25,4/25/25,4/18/25,V8 Broth Racks & Soil Swordfern Isolates,final,Y,,Mortierella,yes,V8B,,
FZJ008-1 Soil,Swordfern Soil Bait Isolates,,4/25/25,4/18/25,V8 Broth Racks & Soil Swordfern Isolates,final,Y,,Phytophthora abietivora,yes,V8B,.,
FZJ009-1 Soil,Swordfern Soil Bait Isolates,4/14/25,,,,,,,,,,,
FZJ010-1 Soil,Swordfern Soil Bait Isolates,,4/25/25,4/18/25,V8 Broth Racks & Soil Swordfern Isolates,final,,,Mortierella,yes,V8B,,
FZJ010-2 Soil,Swordfern Soil Bait Isolates,4/10/24,4/25/25,4/18/25,V8 Broth Racks & Soil Swordfern Isolates,final,Y,,Mortierella,yes,V8B,,
FZJ010-3 Soil,Swordfern Soil Bait Isolates,4/14/25,,4/18/25,V8 Broth Racks & Soil Swordfern Isolates,final,,,unknown,yes,V8B,,
FZJ011-1 Soil,Swordfern Soil Bait Isolates,4/10/25,4/25/25,4/18/25,V8 Broth Racks & Soil Swordfern Isolates,final,Y,,Phytophthora syringae,yes,V8B,.,
FZJ011-2 Soil,Swordfern Soil Bait Isolates,4/10/25,4/25/25,4/18/25,V8 Broth Racks & Soil Swordfern Isolates,final,,,Globisporangium intermedium,yes,V8B,,originally labeled FZJ011-1
FZJ012-1 Soil,Swordfern Soil Bait Isolates,,4/25/25,4/18/25,V8 Broth Racks & Soil Swordfern Isolates,final,,,Pythium attrantheridium,yes,V8B,,
FZJ012-2 Soil,Swordfern Soil Bait Isolates,4/10/24,4/25/25,4/18/25,V8 Broth Racks & Soil Swordfern Isolates,final,Y,,Phytophthora syringae,yes,V8B,.,
FZJ013-1 Soil,Swordfern Soil Bait Isolates,,4/25/25,4/18/25,V8 Broth Racks & Soil Swordfern Isolates,final,,,Elongisporangium anandrum ,yes,V8B,,
FZJ013-2 Soil,Swordfern Soil Bait Isolates,,4/25/25,4/18/25,V8 Broth Racks & Soil Swordfern Isolates,final,,,Elongisporangium anandrum ,yes,V8B,,
FZJ013-3 Soil,Swordfern Soil Bait Isolates,4/8/25,4/25/25,4/18/25,V8 Broth Racks & Soil Swordfern Isolates,final,Y,,Phytophthora syringae,yes,V8B,.,
FZJ014-1 Soil,Swordfern Soil Bait Isolates,,,4/22/25,Soil Swordfern Isolates on PARPHV8,secondary,Y,,Phytophthora abietivora,no,PARPHV8,,
FZJ014-2 Soil,Swordfern Soil Bait Isolates,4/8/25,,4/22/25,Soil Swordfern Isolates on PARPHV8,secondary,Y,,Phytophthora syringae,no,PARPHV8,,
FZJ014-3 Soil,Swordfern Soil Bait Isolates,,4/25/25,4/18/25,V8 Broth Racks & Soil Swordfern Isolates,final,Y,,Phytophthora syringae,yes,V8B,.,
FZJ015-1 Soil,Swordfern Soil Bait Isolates,4/10/25,4/25/25,4/18/25,V8 Broth Racks & Soil Swordfern Isolates,final,Y,,Phytophthora syringae,yes,V8B,.,
FZJ018-1 Soil,Swordfern Soil Bait Isolates,,,4/22/25,Soil Swordfern Isolates on PARPHV8,secondary,Y,,unknown,no,PARPHV8,,
FZJ018-2 Soil,Swordfern Soil Bait Isolates,4/14/25,,4/22/25,Soil Swordfern Isolates on PARPHV8,secondary,Y,,Mortierella,no,PARPHV8,,
FZJ019-1 Soil,Swordfern Soil Bait Isolates,,4/25/25,4/18/25,V8 Broth Racks & Soil Swordfern Isolates,final,Y,,Phytophthora syringae,yes,V8B,.,
FZJ020-1 Soil,Swordfern Soil Bait Isolates,,4/29/25,4/18/25,V8 Broth Racks & Soil Swordfern Isolates,final,,Group 3,Elongisporangium anandrum ,yes,V8B,,
FZJ020-2 Soil,Swordfern Soil Bait Isolates,,,4/18/25,V8 Broth Racks & Soil Swordfern Isolates,final,,Group 3,Elongisporangium anandrum ,yes,V8B,,
FZJ022-1 Soil,Swordfern Soil Bait Isolates,,4/29/25,4/18/25,V8 Broth Racks & Soil Swordfern Isolates,final,Y,,"unknown, low quality sequence",yes,V8B,,
FZJ022-2 Soil,Swordfern Soil Bait Isolates,4/14/25,,4/18/25,V8 Broth Racks & Soil Swordfern Isolates,final,Y,Group 20,Phytophthora syringae,yes,V8B,.,
FZJ022-3 Soil,Swordfern Soil Bait Isolates,4/14/25,4/29/25,4/18/25,V8 Broth Racks & Soil Swordfern Isolates,final,Y,Group 20,Phytophthora syringae,yes,V8B,.,
FZJ024-1 Soil,Swordfern Soil Bait Isolates,,,4/18/25,V8 Broth Racks & Soil Swordfern Isolates,final,,Group 4,Globisporangium debaryanum,yes,V8B,,
FZJ024-2 Soil,Swordfern Soil Bait Isolates,4/10/25,,4/22/25,Soil Swordfern Isolates on PARPHV8,secondary,,,unknown,no,PARPHV8,,
FZJ026-1 Soil,Swordfern Soil Bait Isolates,,4/29/25,4/18/25,V8 Broth Racks & Soil Swordfern Isolates,final,,Group 4,Globisporangium debaryanum,yes,V8B,,
FZJ026-2 Soil,Swordfern Soil Bait Isolates,,4/29/25,4/18/25,V8 Broth Racks & Soil Swordfern Isolates,final,,,Globisporangium debaryanum,yes,V8B,,
FZJ026-3 Soil,Swordfern Soil Bait Isolates,4/14/25,4/29/25,4/18/25,V8 Broth Racks & Soil Swordfern Isolates,final,,,Globisporangium debaryanum,yes,V8B,,
FZJ028-1 Soil,Swordfern Soil Bait Isolates,,4/29/25,4/18/25,V8 Broth Racks & Soil Swordfern Isolates,final,,,Globisporangium intermedium,yes,V8B,,
FZJ030-1 Soil,Swordfern Soil Bait Isolates,4/10/25,4/29/25,4/18/25,V8 Broth Racks & Soil Swordfern Isolates,final,,,Globisporangium debaryanum,yes,V8B,,
FZJ032-1 Soil,Swordfern Soil Bait Isolates,,4/29/25,4/18/25,V8 Broth Racks & Soil Swordfern Isolates,final,Y,,Phytophthora syringae,yes,V8B,.,
FZJ032-2 Soil,Swordfern Soil Bait Isolates,4/14/25,4/29/25,4/18/25,V8 Broth Racks & Soil Swordfern Isolates,final,,,Globisporangium intermedium,yes,V8B,,
FZJ033-1 Soil,Swordfern Soil Bait Isolates,4/10/25,,4/22/25,Soil Swordfern Isolates on PARPHV8,secondary,,,Pythium attrantheridium,no,PARPHV8,,
FZJ034-1 Soil,Swordfern Soil Bait Isolates,4/10/25,,,,,,,,,,,
FZJ034-2 Soil,Swordfern Soil Bait Isolates,,4/29/25,4/18/25,V8 Broth Racks & Soil Swordfern Isolates,final,Y,,Mortierella,yes,V8B,,
FZJ036-1 Soil,Swordfern Soil Bait Isolates,4/9/25,4/29/25,4/18/25,V8 Broth Racks & Soil Swordfern Isolates,final,,,Globisporangium intermedium,yes,V8B,,
FZJ037-1 Soil,Swordfern Soil Bait Isolates,4/10/25,,4/18/25,V8 Broth Racks & Soil Swordfern Isolates,final,,Group 21,Globisporangium intermedium,yes,V8B,,
FZJ038-1 Soil,Swordfern Soil Bait Isolates,,4/29/25,4/18/25,V8 Broth Racks & Soil Swordfern Isolates,final,,Group 21,Globisporangium intermedium,yes,V8B,,
FZJ038-2 Soil,Swordfern Soil Bait Isolates,,,4/22/25,Soil Swordfern Isolates on PARPHV8,secondary,Y,,Pythium attrantheridium,no,PARPHV8,,
FZJ040-1 Soil,Swordfern Soil Bait Isolates,,4/29/25,4/18/25,V8 Broth Racks & Soil Swordfern Isolates,final,,,Phytophthora megasperma,yes,V8B,,
FZJ041-1 Soil,Swordfern Soil Bait Isolates,,4/29/25,4/18/25,V8 Broth Racks & Soil Swordfern Isolates,final,,,Elongisporangium anandrum ,yes,V8B,,
FZJ041-2 Soil,Swordfern Soil Bait Isolates,,,4/18/25,V8 Broth Racks & Soil Swordfern Isolates,final,,Group 5,Elongisporangium anandrum ,yes,V8B,,
FZJ042-1 Soil,Swordfern Soil Bait Isolates,4/10/25,4/29/25,4/18/25,V8 Broth Racks & Soil Swordfern Isolates,final,,,Elongisporangium anandrum ,yes,V8B,,
FZJ042-2 Soil,Swordfern Soil Bait Isolates,4/11/25,4/29/25,4/18/25,V8 Broth Racks & Soil Swordfern Isolates,final,,Group 5,Elongisporangium anandrum ,yes,V8B,,
FZJ043-1 Soil,Swordfern Soil Bait Isolates,,,4/18/25,V8 Broth Racks & Soil Swordfern Isolates,final,Y,Group 22,Phytophthora plurivora,yes,V8B,,
FZJ044-1 Soil,Swordfern Soil Bait Isolates,,4/29/25,4/18/25,V8 Broth Racks & Soil Swordfern Isolates,final,,,Pythium attrantheridium,yes,V8B,,
FZJ044-2 Soil,Swordfern Soil Bait Isolates,,,4/18/25,V8 Broth Racks & Soil Swordfern Isolates,final,Y,Group 6,Phytophthora plurivora,yes,V8B,.,
FZJ044-3 Soil,Swordfern Soil Bait Isolates,,4/29/25,4/18/25,V8 Broth Racks & Soil Swordfern Isolates,final,Y,Group 6,Phytophthora plurivora,yes,V8B,.,
FZJ044-4 Soil,Swordfern Soil Bait Isolates,4/11/25,,,,,,,,,,,
FZJ045-1 Soil,Swordfern Soil Bait Isolates,,4/29/25,4/18/25,V8 Broth Racks & Soil Swordfern Isolates,final,Y,,Phytophthora plurivora,yes,V8B,.,
FZJ045-2 Soil,Swordfern Soil Bait Isolates,,,4/18/25,V8 Broth Racks & Soil Swordfern Isolates,final,,,Pythium attrantheridium,yes,V8B,,
FZJ045-3 Soil,Swordfern Soil Bait Isolates,4/11/25,4/29/25,4/18/25,V8 Broth Racks & Soil Swordfern Isolates,final,Y,Group 22,Phytophthora plurivora,yes,V8B,.,
FZJ046-1 Soil,Swordfern Soil Bait Isolates,4/9/25,,4/18/25,V8 Broth Racks & Soil Swordfern Isolates,final,Y,Group 7,Phytophthora occultans,yes,V8B,,
FZJ047-1 Soil,Swordfern Soil Bait Isolates,,4/29/25,4/18/25,V8 Broth Racks & Soil Swordfern Isolates,final,,Group 23,Phytophthora occultans,yes,V8B,,
FZJ047-2 Soil,Swordfern Soil Bait Isolates,,4/29/25,4/18/25,V8 Broth Racks & Soil Swordfern Isolates,final,Y,Group 7,Phytophthora occultans,yes,V8B,,
FZJ047-3 Soil,Swordfern Soil Bait Isolates,,,4/18/25,V8 Broth Racks & Soil Swordfern Isolates,final,Y,Group 23,Phytophthora occultans,yes,V8B,,
FZJ049-1 Soil,Swordfern Soil Bait Isolates,4/9/25,4/30/25,4/18/25,V8 Broth Racks & Soil Swordfern Isolates,final,,,unknown,yes,V8B,,not enough mycelia growth to extract
FZJ051-1 Root,Swordfern Roots,,,3/17/25,Clean oomycetes on V8,final,,,mortierella,N/A,V8,Clean oomycetes on V8,
FZJ051-2 Root,Swordfern Roots,,4/2/25,3/17/25,Clean oomycetes on V8,final,,,"unknown, low quality sequence",N/A,V8,Clean oomycetes on V8,
FZJ052-1 Soil,Swordfern Soil Bait Isolates,,4/30/25,4/18/25,V8 Broth Racks & Soil Swordfern Isolates,final,,,Pythium attrantheridium,yes,V8B,,
FZJ053-1 Soil,Swordfern Soil Bait Isolates,,,4/18/25,V8 Broth Racks & Soil Swordfern Isolates,final,,Group 8,Pythium senticosum,yes,V8B,,
FZJ053-2 Soil,Swordfern Soil Bait Isolates,4/8/25,4/30/25,4/18/25,V8 Broth Racks & Soil Swordfern Isolates,final,,Group 8,Pythium senticosum,yes,V8B,,
FZJ053-3 Soil,Swordfern Soil Bait Isolates,,,,,,,,,,,,
FZJ054-1 Root,Swordfern Roots,,4/30/25,3/17/25,Clean oomycetes on V8,final,,,unknown,N/A,V8,Clean oomycetes on V8,
FZJ054-1 Soil,Swordfern Soil Bait Isolates,4/8/25,,4/18/25,V8 Broth Racks & Soil Swordfern Isolates,final,,,Pythium attrantheridium,yes,V8B,,
FZJ054-2 Root,Swordfern Roots,,4/2/25,3/14/25,PDR Isolates/Swordfern Roots,secondary,,,"Unknown, low quality sequence",no,PARPHV8,,
FZJ055-1 Soil,Swordfern Soil Bait Isolates,,4/30/25,4/18/25,V8 Broth Racks & Soil Swordfern Isolates,final,,,Pythium attrantheridium,yes,V8B,,
FZJ055-2 Soil,Swordfern Soil Bait Isolates,,4/30/25,4/18/25,V8 Broth Racks & Soil Swordfern Isolates,final,,,Pythium attrantheridium,yes,V8B,,
FZJ056-1 Root,Swordfern Roots,,4/2/25,3/17/25,Clean oomycetes on V8,final,,,unknown,N/A,V8,Clean oomycetes on V8,
FZJ056-1 Soil,Swordfern Soil Bait Isolates,4/9/25,4/30/25,4/18/25,V8 Broth Racks & Soil Swordfern Isolates,final,,,Globisporangium debaryanum,yes,V8B,,
FZJ056-2 Root,Swordfern Roots,,4/2/25,3/17/25,Clean oomycetes on V8,final,,,"Unknown, low quality sequence",N/A,V8,Clean oomycetes on V8,
FZJ056-3 Root,Swordfern Roots,,,3/17/25,Clean oomycetes on V8,final,,,Mortierella,N/A,V8,Clean oomycetes on V8,
FZJ057-1 Root,Swordfern Roots,,,3/17/25,PDR Isolates/Swordfern Roots,"growing, secondary",,,unknown,no,PARPHV8,,"second attempt at secondary isolation, first attempt had bacteria"
FZJ057-1 Soil,Swordfern Soil Bait Isolates,4/10/25,,,,,,,,,,,
FZJ057-2 Root,Swordfern Roots,,,3/17/25,Clean oomycetes on V8,final,,,unknown,N/A,V8,Clean oomycetes on V8,
FZJ058-1 Soil,Swordfern Soil Bait Isolates,,4/30/25,4/18/25,V8 Broth Racks & Soil Swordfern Isolates,final,,,Mortierella,yes,V8B,,
FZJ059-1 Soil,Swordfern Soil Bait Isolates,,,,,,,,,,,,
FZJ060-1 Root,Swordfern Roots,,4/2/25,3/17/25,Clean oomycetes on V8,final,,,Mortierella,N/A,V8,Clean oomycetes on V8,
FZJ060-1 Soil,Swordfern Soil Bait Isolates,,4/30/25,4/18/25,V8 Broth Racks & Soil Swordfern Isolates,final,Y,,Mortierella,yes,V8B,,
FZJ060-2 root,Swordfern Roots,,,3/17/25,Clean oomycetes on V8,final,,,unknown,N/A,V8,Clean oomycetes on V8,
FZJ060-2 Soil,Swordfern Soil Bait Isolates,,,4/22/25,Soil Swordfern Isolates on PARPHV8,secondary,,,Mortierella,no,PARPHV8,,
FZJ060-3 Root,Swordfern Roots,,4/30/25,3/17/25,Clean oomycetes on V8,final,,,unknown,N/A,V8,Clean oomycetes on V8,not enough mycelia growth to extract
FZJ060-3 Soil,Swordfern Soil Bait Isolates,,,4/18/25,V8 Broth Racks & Soil Swordfern Isolates,final,,,Pythium attrantheridium,yes,V8B,,
FZJ061-1 Soil,Swordfern Soil Bait Isolates,4/10/25,,,,,,,,,,,
FZJ063-1 Soil,Swordfern Soil Bait Isolates,,4/30/25,4/18/25,V8 Broth Racks & Soil Swordfern Isolates,final,,,Pythium attrantheridium,yes,V8B,,
FZJ065-1 Soil,Swordfern Soil Bait Isolates,,4/30/25,4/18/25,V8 Broth Racks & Soil Swordfern Isolates,final,,,Globisporangium debaryanum,yes,V8B,,
FZJ066-1 Soil,Swordfern Soil Bait Isolates,,4/30/25,4/18/25,V8 Broth Racks & Soil Swordfern Isolates,final,Y,,Phytophthora plurivora,yes,V8B,.,
FZJ066-2 Soil,Swordfern Soil Bait Isolates,,4/30/25,4/18/25,V8 Broth Racks & Soil Swordfern Isolates,final,Y,,Phytophthora cactorum,yes,V8B,.,
FZJ067-1 Soil,Swordfern Soil Bait Isolates,,4/30/25,4/18/25,V8 Broth Racks & Soil Swordfern Isolates,final,,,Pythium attrantheridium,yes,V8B,,
FZJ068-1 Root,Swordfern Roots,,4/30/25,3/17/25,Clean oomycetes on V8,final,,,Pythium attrantheridium,N/A,V8,Clean oomycetes on V8,
FZJ068-1 Soil,Swordfern Soil Bait Isolates,,4/30/25,4/18/25,V8 Broth Racks & Soil Swordfern Isolates,final,,,unknown,yes,V8B,,not enough mycelia growth to extract
FZJ068-2 Root,Swordfern Roots,,4/2/25,3/17/25,Clean oomycetes on V8,final,,,Mortierella,N/A,V8,Clean oomycetes on V8,
FZJ068-3 Root,Swordfern Roots,,4/30/25,3/17/25,Clean oomycetes on V8,final,Y,,Mortierella,N/A,V8,Clean oomycetes on V8,
FZJ068-3 Soil,Swordfern Soil Bait Isolates,,,4/18/25,V8 Broth Racks & Soil Swordfern Isolates,final,,,Mortierella,yes,V8B,,
FZJ069-1 Soil,Swordfern Soil Bait Isolates,4/14/25,,4/22/25,Soil Swordfern Isolates on PARPHV8,secondary,Y,,Phytophthora pseudosyringae,no,PARPHV8,,
FZJ070-1 Root,Swordfern Roots,,4/2/25,3/17/25,Clean oomycetes on V8,final,,,"Unknown, low quality sequence",N/A,V8,Clean oomycetes on V8,
FZJ070-1 Soil,Swordfern Soil Bait Isolates,,4/30/25,4/18/25,V8 Broth Racks & Soil Swordfern Isolates,final,Y,,Phytophthora plurivora,yes,V8B,.,
FZJ070-2 Root,Swordfern Roots,,4/2/25,3/17/25,Clean oomycetes on V8,final,,,Mortierella,N/A,V8,Clean oomycetes on V8,
FZJ070-2 Soil,Swordfern Soil Bait Isolates,,,4/22/25,Soil Swordfern Isolates on PARPHV8,secondary,,,unknown,no,PARPHV8,,
FZJ071-1 Soil,Swordfern Soil Bait Isolates,4/11/25,4/30/25,4/18/25,V8 Broth Racks & Soil Swordfern Isolates,final,,Group 9,Pythium attrantheridium,yes,V8B,,
FZJ073-1 Root,Swordfern Roots,,4/30/25,3/17/25,Clean oomycetes on V8,final,,Group 29,Mortierella,N/A,V8,Clean oomycetes on V8,
FZJ073-1 Soil,Swordfern Soil Bait Isolates,,,4/18/25,V8 Broth Racks & Soil Swordfern Isolates,final,,Group 29,Mortierella,yes,V8B,,
FZJ073-2 Root,Swordfern Roots,,,3/17/25,Clean oomycetes on V8,final,,Group 29,Mortierella,N/A,V8,Clean oomycetes on V8,
FZJ073-2 Soil,Swordfern Soil Bait Isolates,,,4/18/25,V8 Broth Racks & Soil Swordfern Isolates,final,,,unknown,yes,V8B,,
FZJ074-1 Root,Swordfern Roots,,,3/17/25,Clean oomycetes on V8,final,,,Elongisporangium anandrum ,N/A,V8,Clean oomycetes on V8,
FZJ074-1 Root,Swordfern Roots,,4/30/25,4/18/25,V8 Broth Racks & Soil Swordfern Isolates,final,,,Elongisporangium anandrum ,yes,V8B,,
FZJ074-1 Soil,Swordfern Soil Bait Isolates,4/9/25,4/30/25,4/18/25,V8 Broth Racks & Soil Swordfern Isolates,final,,,Globisporangium debaryanum,yes,V8B,,
FZJ074-2 Soil,Swordfern Soil Bait Isolates,4/9/25,4/30/25,4/18/25,V8 Broth Racks & Soil Swordfern Isolates,final,Y,,Phytophthora cambivora,yes,V8B,.,
FZJ074-3 Soil,Swordfern Soil Bait Isolates,4/11/25,4/30/25,4/18/25,V8 Broth Racks & Soil Swordfern Isolates,final,Y,,Phytophthora cambivora,yes,V8B,.,
FZJ075-1 Soil,Swordfern Soil Bait Isolates,4/14/25,4/30/25,4/18/25,V8 Broth Racks & Soil Swordfern Isolates,final,Y,Group 24,Mortierella,yes,V8B,,
FZJ075-2 Soil,Swordfern Soil Bait Isolates,,,4/22/25,Soil Swordfern Isolates on PARPHV8,secondary,,,unknown,no,PARPHV8,,
FZJ075-3 Soil,Swordfern Soil Bait Isolates,,,4/18/25,V8 Broth Racks & Soil Swordfern Isolates,final,Y,Group 24,Mortierella,yes,V8B,,
FZJ076-1 Soil,Swordfern Soil Bait Isolates,,4/30/25,4/18/25,V8 Broth Racks & Soil Swordfern Isolates,final,Y,,"unknown, low quality sequence",yes,V8B,,
FZJ076-2 Soil,Swordfern Soil Bait Isolates,,,4/18/25,V8 Broth Racks & Soil Swordfern Isolates,final,Y,,unknown,yes,V8B,,
FZJ076-3 Soil,Swordfern Soil Bait Isolates,,,4/22/25,Soil Swordfern Isolates on PARPHV8,secondary,Y,,Phytophthora syringae,no,PARPHV8,,
FZJ076-4 Soil,Swordfern Soil Bait Isolates,,,4/22/25,Soil Swordfern Isolates on PARPHV8,secondary,,,unknown,no,PARPHV8,,
FZJ077-1 Soil,Swordfern Soil Bait Isolates,,,4/18/25,V8 Broth Racks & Soil Swordfern Isolates,final,,Group 9,Pythium attrantheridium,yes,V8B,,
FZJ078-1 Soil,Swordfern Soil Bait Isolates,,5/1/25,4/18/25,V8 Broth Racks & Soil Swordfern Isolates,final,,,Pythium senticosum,yes,V8B,,
FZJ079-1 Soil,Swordfern Soil Bait Isolates,4/10/25,,4/18/25,V8 Broth Racks & Soil Swordfern Isolates,final,Y,Group 25,Phytophthora abietivora,yes,V8B,.,
FZJ079-2 Soil,Swordfern Soil Bait Isolates,,,4/18/25,V8 Broth Racks & Soil Swordfern Isolates,final,Y,Group 25,Phytophthora abietivora,yes,V8B,.,
FZJ079-3 Soil,Swordfern Soil Bait Isolates,,5/1/25,4/18/25,V8 Broth Racks & Soil Swordfern Isolates,final,Y,Group 25,Phytophthora abietivora,yes,V8B,.,
FZJ080-1 Soil,Swordfern Soil Bait Isolates,4/10/25,5/1/25,4/18/25,V8 Broth Racks & Soil Swordfern Isolates,final,,,Mortierella,yes,V8B,,
FZJ080-1 Soil,Swordfern Soil Bait Isolates,,5/1/25,4/18/25,V8 Broth Racks & Soil Swordfern Isolates,final,Y,,Globisporangium intermedium,yes,V8B,,
FZJ080-2 Soil,Swordfern Soil Bait Isolates,,,4/22/25,Soil Swordfern Isolates on PARPHV8,secondary,,,unknown,no,PARPHV8,,
FZJ081-1 Root,Swordfern Roots,,4/2/25,3/17/25,Clean oomycetes on V8,final,,,Mortierella,N/A,V8,Clean oomycetes on V8,
FZJ081-1 Soil,Swordfern Soil Bait Isolates,,,4/18/25,V8 Broth Racks & Soil Swordfern Isolates,final,Y,,unknown,yes,V8B,,not enough mycelia growth to extract
FZJ081-2 Soil,Swordfern Soil Bait Isolates,4/10/25,5/1/25,4/18/25,V8 Broth Racks & Soil Swordfern Isolates,final,,,Pythium senticosum,yes,V8B,,
FZJ081-3 Soil,Swordfern Soil Bait Isolates,4/11/25,,4/22/25,Soil Swordfern Isolates on PARPHV8,secondary,Y,,Phytophthora obscura,no,PARPHV8,,
FZJ082-1 Soil,Swordfern Soil Bait Isolates,,5/1/25,4/18/25,V8 Broth Racks & Soil Swordfern Isolates,final,,,Globisporangium debaryanum,yes,V8B,,
FZJ082-2 Soil,Swordfern Soil Bait Isolates,4/14/25,5/1/25,4/18/25,V8 Broth Racks & Soil Swordfern Isolates,final,,,Phytophthora pseudosyringae,yes,V8B,,
FZJ082-3 Soil,Swordfern Soil Bait Isolates,4/14/25,5/1/25,4/18/25,V8 Broth Racks & Soil Swordfern Isolates,final,,,Globisporangium debaryanum,yes,V8B,,
FZJ083-1 Soil,Swordfern Soil Bait Isolates,4/9/25,,4/18/25,V8 Broth Racks & Soil Swordfern Isolates,final,,Group 10,Pythium senticosum,yes,V8B,,
FZJ083-2 Soil,Swordfern Soil Bait Isolates,4/10/25,5/1/25,4/18/25,V8 Broth Racks & Soil Swordfern Isolates,final,,Group 10,Pythium senticosum,yes,V8B,,
FZJ084-1 Soil,Swordfern Soil Bait Isolates,,,4/18/25,V8 Broth Racks & Soil Swordfern Isolates,final,,Group 11,Pythium attrantheridium,yes,V8B,,
FZJ084-2 Soil,Swordfern Soil Bait Isolates,,5/1/25,4/18/25,V8 Broth Racks & Soil Swordfern Isolates,final,,Group 11,Pythium attrantheridium,yes,V8B,,
FZJ085-1 Root,Swordfern Roots,,,3/14/25,PDR Isolates/Swordfern Roots,secondary,,,unknown,no,PARPHV8,,
FZJ085-1 Soil,Swordfern Soil Bait Isolates,,,4/18/25,V8 Broth Racks & Soil Swordfern Isolates,final,,,Globisporangium intermedium,yes,V8B,,
FZJ085-2 Root,Swordfern Roots,,,3/14/25,PDR Isolates/Swordfern Roots,"growing, secondary",,,unknown,no,PARPHV8,,
FZJ086-1 Soil,Swordfern Soil Bait Isolates,4/10/25,5/1/25,4/18/25,V8 Broth Racks & Soil Swordfern Isolates,final,,,Globisporangium intermedium,yes,V8B,,
FZJ086-2 Soil,Swordfern Soil Bait Isolates,4/14/25,,,,,,,,,,,
FZJ087-1 Soil,Swordfern Soil Bait Isolates,4/10/25,5/1/25,4/18/25,V8 Broth Racks & Soil Swordfern Isolates,final,,,Pythium attrantheridium,yes,V8B,,
FZJ088-1 Soil,Swordfern Soil Bait Isolates,4/9/25,5/1/25,4/18/25,V8 Broth Racks & Soil Swordfern Isolates,final,,,Pythium attrantheridium,yes,V8B,,
FZJ088-2 Soil,Swordfern Soil Bait Isolates,,5/1/25,4/18/25,V8 Broth Racks & Soil Swordfern Isolates,final,Y,Group 26,Phytophthora plurivora,yes,V8B,.,
FZJ089-1 Soil,Swordfern Soil Bait Isolates,4/9/25,5/1/25,4/18/25,V8 Broth Racks & Soil Swordfern Isolates,final,Y,,Phytophthora attenuata,yes,V8B,.,
FZJ090-1 Soil,Swordfern Soil Bait Isolates,,,4/22/25,Soil Swordfern Isolates on PARPHV8,secondary,,,Phytophthora pseudosyringae,no,PARPHV8,,
FZJ090-2 Soil,Swordfern Soil Bait Isolates,4/9/25,5/1/25,4/18/25,V8 Broth Racks & Soil Swordfern Isolates,final,,,Pythium senticosum,yes,V8B,,
FZJ090-3 Soil,Swordfern Soil Bait Isolates,4/11/25,5/1/25,4/18/25,V8 Broth Racks & Soil Swordfern Isolates,final,,,Phytopythium sp. 1,yes,V8B,,
FZJ091-1 Soil,Swordfern Soil Bait Isolates,,5/1/25,4/18/25,V8 Broth Racks & Soil Swordfern Isolates,final,,Group 12,Pythium senticosum,yes,V8B,,
FZJ091-2 Soil,Swordfern Soil Bait Isolates,,,4/18/25,V8 Broth Racks & Soil Swordfern Isolates,final,,Group 12,Pythium senticosum,yes,V8B,,
FZJ092-1 Soil,Swordfern Soil Bait Isolates,4/14/25,,,,,,,,,,,
FZJ093-1 Soil,Swordfern Soil Bait Isolates,4/9/25,,4/18/25,V8 Broth Racks & Soil Swordfern Isolates,final,Y,Group 26,Phytophthora plurivora,yes,V8B,,
FZJ093-2 Soil,Swordfern Soil Bait Isolates,,,4/18/25,V8 Broth Racks & Soil Swordfern Isolates,final,Y,Group 13,Phytophthora plurivora,yes,V8B,.,
FZJ094-1 Soil,Swordfern Soil Bait Isolates,,,4/18/25,V8 Broth Racks & Soil Swordfern Isolates,final,Y,Group 26,Phytophthora plurivora,yes,V8B,.,
FZJ095-1 Soil,Swordfern Soil Bait Isolates,,5/1/25,4/18/25,V8 Broth Racks & Soil Swordfern Isolates,final,,,Globisporangium intermedium,yes,V8B,,
FZJ095-2 Soil,Swordfern Soil Bait Isolates,4/9/25,,4/18/25,V8 Broth Racks & Soil Swordfern Isolates,final,Y,Group 26,Phytophthora plurivora,yes,V8B,.,
FZJ096-1 Soil,Swordfern Soil Bait Isolates,,5/1/25,4/18/25,V8 Broth Racks & Soil Swordfern Isolates,final,Y,Group 13,Phytophthora plurivora,yes,V8B,.,
FZJ097-1 Soil,Swordfern Soil Bait Isolates,,,4/18/25,V8 Broth Racks & Soil Swordfern Isolates,final,Y,Group 26,Phytophthora plurivora,yes,V8B,.,
FZJ097-2 Soil,Swordfern Soil Bait Isolates,,,4/18/25,V8 Broth Racks & Soil Swordfern Isolates,final,Y,Group 26,Phytophthora plurivora,yes,V8B,.,
FZJ097-3 Soil,Swordfern Soil Bait Isolates,4/10/25,5/1/25,4/18/25,V8 Broth Racks & Soil Swordfern Isolates,final,,,Globisporangium intermedium,yes,V8B,,
FZJ098-1 Soil,Swordfern Soil Bait Isolates,,5/1/25,4/18/25,V8 Broth Racks & Soil Swordfern Isolates,final,,,Pythium attrantheridium,yes,V8B,,
FZJ098-2 Soil,Swordfern Soil Bait Isolates,,,4/18/25,V8 Broth Racks & Soil Swordfern Isolates,final,Y,Group 13,Phytophthora plurivora,yes,V8B,.,
FZJ098-3 Soil,Swordfern Soil Bait Isolates,4/11/25,,4/18/25,V8 Broth Racks & Soil Swordfern Isolates,final,Y,Group 13,Phytophthora plurivora,yes,V8B,.,
FZJ100-1 Soil,Swordfern Soil Bait Isolates,4/9/25,5/1/25,4/18/25,V8 Broth Racks & Soil Swordfern Isolates,final,,,Pythium attrantheridium,yes,V8B,,
FZJ100-2 Soil,Swordfern Soil Bait Isolates,,5/6/25,4/18/25,V8 Broth Racks & Soil Swordfern Isolates,final,,,Phytophthora nemrosa,yes,V8B,,
FZJ102-1 Soil,Swordfern Soil Bait Isolates,4/14/25,,4/14/25,Soil Swordfern Isolates on PARPHV8,secondary,,,Mortierella,no,PARPHV8,,
FZJ104-1 Soil,Swordfern Soil Bait Isolates,,5/6/25,4/18/25,V8 Broth Racks & Soil Swordfern Isolates,final,,,Pythium attrantheridium,yes,V8B,,
FZJ104-2 Soil,Swordfern Soil Bait Isolates,4/14/25,5/6/25,4/18/25,V8 Broth Racks & Soil Swordfern Isolates,final,Y,,Mortierella,yes,V8B,,
FZJ105-1 Soil,Swordfern Soil Bait Isolates,,5/6/25,4/18/25,V8 Broth Racks & Soil Swordfern Isolates,final,,,Pythium attrantheridium,yes,V8B,,
FZJ105-2 Soil,Swordfern Soil Bait Isolates,,5/6/25,4/18/25,V8 Broth Racks & Soil Swordfern Isolates,final,Y,Group 27,Phytophthora abietivora,yes,V8B,.,
FZJ105-3 Soil,Swordfern Soil Bait Isolates,4/10/25,5/6/25,4/18/25,V8 Broth Racks & Soil Swordfern Isolates,final,,,Pythium attrantheridium,yes,V8B,,
FZJ106-1 Root,Swordfern Roots,,5/6/25,4/18/25,V8 Broth Racks & Soil Swordfern Isolates,final,,Group 27,Phytophthora abietivora,yes,V8B,.,
FZJ106-1 Root,Swordfern Roots,,5/6/25,3/17/25,Clean oomycetes on V8,final,,,Mortierella,N/A,V8,Clean oomycetes on V8,
FZJ106-1 Soil,Swordfern Soil Bait Isolates,,,4/18/25,V8 Broth Racks & Soil Swordfern Isolates,final,Y,,unknown,yes,V8B,,
FZJ106-2 Root,Swordfern Roots,,4/2/25,3/17/25,Clean oomycetes on V8,final,,,Mortierella,N/A,V8,Clean oomycetes on V8,
FZJ107-1 Soil,Swordfern Soil Bait Isolates,,,4/18/25,V8 Broth Racks & Soil Swordfern Isolates,final,Y,,unknown,yes,V8B,,not enough mycelia growth to extract
FZJ108-1 Soil,Swordfern Soil Bait Isolates,,,,,,,,,,,,
FZJ108-2 Soil,Swordfern Soil Bait Isolates,,,,,,,,,,,,
FZJ109-1 Soil,Swordfern Soil Bait Isolates,,,4/18/25,V8 Broth Racks & Soil Swordfern Isolates,final,,Group 14,Elongisporangium anandrum ,yes,V8B,,
FZJ109-2 Soil,Swordfern Soil Bait Isolates,,5/6/25,4/18/25,V8 Broth Racks & Soil Swordfern Isolates,final,,Group 14,Elongisporangium anandrum ,yes,V8B,,
FZJ112-1 Root,Swordfern Roots,,,3/18/25,Clean oomycetes on V8,"growing, secondary",,,unknown,N/A,PARPHV8,,
FZJ112-1 Soil,Swordfern Soil Bait Isolates,4/9/25,5/6/25,4/18/25,V8 Broth Racks & Soil Swordfern Isolates,final,,,Elongisporangium anandrum ,yes,V8B,,
FZJ112-2 Root,Swordfern Roots,,,3/18/25,Clean oomycetes on V8,"growing, secondary",,,unknown,N/A,PARPHV8,,
FZJ112-2 Soil,Swordfern Soil Bait Isolates,,5/6/25,4/18/25,V8 Broth Racks & Soil Swordfern Isolates,final,,,Elongisporangium anandrum ,yes,V8B,,
FZJ115-1 Root,Swordfern Roots,,4/2/25,3/17/25,Clean oomycetes on V8,final,,,"unknown, low quality sequence",N/A,V8,Clean oomycetes on V8,
FZJ115-1 Soil,Swordfern Soil Bait Isolates,4/14/25,5/6/25,4/18/25,V8 Broth Racks & Soil Swordfern Isolates,final,Y,,Mortierella,yes,V8B,,
FZJ115-2 Root,Swordfern Roots,,4/2/25,3/17/25,Clean oomycetes on V8,final,,,Mortierella,N/A,V8,Clean oomycetes on V8,
FZJ115-3 Root,Swordfern Roots,,4/2/25,3/17/25,Clean oomycetes on V8,final,,,Mortierella,N/A,V8,Clean oomycetes on V8,
FZJ118-1 Root,Swordfern Roots,,4/2/25,3/17/25,Clean oomycetes on V8,final,,,Mortierella,N/A,V8,Clean oomycetes on V8,
FZJ118-1 Soil,Swordfern Soil Bait Isolates,,5/6/25,4/18/25,V8 Broth Racks & Soil Swordfern Isolates,final,,,Globisporangium debaryanum,yes,V8B,,
FZJ118-2 Root,Swordfern Roots,,4/2/25,4/22/25,Soil Swordfern Isolates on PARPHV8,secondary,,,Pythium attrantheridium,no,PARPHV8,,"extracted once on 4/2/25, low yield"
FZJ119-1 Soil,Swordfern Soil Bait Isolates,,5/6/25,4/18/25,V8 Broth Racks & Soil Swordfern Isolates,final,,,Pythium attrantheridium,yes,V8B,,
FZJ119-2 Soil,Swordfern Soil Bait Isolates,4/8/25,5/6/25,4/18/25,V8 Broth Racks & Soil Swordfern Isolates,final,,,Pythium attrantheridium,yes,V8B,,
FZJ120-1 Soil,Swordfern Soil Bait Isolates,4/9/25,5/6/25,4/18/25,V8 Broth Racks & Soil Swordfern Isolates,final,,,Pythium attrantheridium,yes,V8B,,
FZJ120-2 Soil,Swordfern Soil Bait Isolates,,,4/18/25,V8 Broth Racks & Soil Swordfern Isolates,final,,Group 15,Pythium attrantheridium,yes,V8B,,
FZJ121-1 Soil,Swordfern Soil Bait Isolates,4/10/25,5/6/25,4/18/25,V8 Broth Racks & Soil Swordfern Isolates,final,,Group 15,Pythium attrantheridium,yes,V8B,,
FZJ121-2 Soil,Swordfern Soil Bait Isolates,4/11/25,5/6/25,4/18/25,V8 Broth Racks & Soil Swordfern Isolates,final,,,Pythium attrantheridium,yes,V8B,,
FZJ122-1 Soil,Swordfern Soil Bait Isolates,,5/6/25,4/18/25,V8 Broth Racks & Soil Swordfern Isolates,final,,,Globisporangium intermedium,yes,V8B,,
FZJ122-2 Soil,Swordfern Soil Bait Isolates,,,4/18/25,V8 Broth Racks & Soil Swordfern Isolates,final,,,unknown,yes,V8B,,
FZJ123-1 Soil,Swordfern Soil Bait Isolates,,5/6/25,4/18/25,V8 Broth Racks & Soil Swordfern Isolates,final,,,Globisporangium intermedium,yes,V8B,,
FZJ125-1 Soil,Swordfern Soil Bait Isolates,,5/6/25,4/18/25,V8 Broth Racks & Soil Swordfern Isolates,final,,,Globisporangium intermedium,yes,V8B,,
FZJ127-1 Soil,Swordfern Soil Bait Isolates,,5/6/25,4/18/25,V8 Broth Racks & Soil Swordfern Isolates,final,,,Globisporangium intermedium,yes,V8B,,
FZJ128-1 Soil,Swordfern Soil Bait Isolates,,5/6/25,4/18/25,V8 Broth Racks & Soil Swordfern Isolates,final,,Group 16,Mortierella,yes,V8B,,
FZJ129-1 Root,Swordfern Roots,,5/6/25,4/18/25,V8 Broth Racks & Soil Swordfern Isolates,final,,,"unknown, low quality sequence",yes,V8B,,
FZJ129-1 Soil,Swordfern Soil Bait Isolates,4/10/25,,4/18/25,V8 Broth Racks & Soil Swordfern Isolates,final,,Group 16,Mortierella,yes,V8B,,
FZJ130-1 Soil,Swordfern Soil Bait Isolates,4/10/25,,4/18/25,V8 Broth Racks & Soil Swordfern Isolates,final,,,unknown,yes,V8B,,
FZJ132-1 Root,Swordfern Roots,,4/2/25,4/22/25,Soil Swordfern Isolates on PARPHV8,secondary,,,Globisporangium intermedium,no,PARPHV8,,"extracted once on 4/2/25, low yield"
FZJ132-1 Soil,Swordfern Soil Bait Isolates,4/9/25,,4/18/25,V8 Broth Racks & Soil Swordfern Isolates,final,,Group 17,Mortierella,yes,V8B,,
FZJ132-2 Soil,Swordfern Soil Bait Isolates,4/9/25,,,,,,Group 17,Mortierella,,,,v8 plate found but no v8b tube
FZJ134-1 Soil,Swordfern Soil Bait Isolates,,,4/18/25,V8 Broth Racks & Soil Swordfern Isolates,final,,,Globisporangium intermedium,yes,V8B,,
FZJ138-1 Soil,Swordfern Soil Bait Isolates,4/10/25,,4/22/25,Soil Swordfern Isolates on PARPHV8,secondary,,,unknown,no,PARPHV8,,
FZJ138-2 Soil,Swordfern Soil Bait Isolates,4/14/25,,4/18/25,V8 Broth Racks & Soil Swordfern Isolates,final,Y,,Globisporangium debaryanum,yes,V8B,,
FZJ139-1 Soil,Swordfern Soil Bait Isolates,,,4/18/25,V8 Broth Racks & Soil Swordfern Isolates,final,Y,Group 28,Mortierella,yes,V8B,,
FZJ139-2 Soil,Swordfern Soil Bait Isolates,4/11/25,,4/18/25,V8 Broth Racks & Soil Swordfern Isolates,final,Y,Group 28,Mortierella,yes,V8B,,
FZJ140-1 Soil,Swordfern Soil Bait Isolates,4/9/25,,4/18/25,V8 Broth Racks & Soil Swordfern Isolates,final,Y,,Phytophthora cambivora,yes,V8B,,
FZJ140-2 Soil,Swordfern Soil Bait Isolates,,,4/18/25,V8 Broth Racks & Soil Swordfern Isolates,final,,Group 18,Phytophthora cambivora,yes,V8B,,
FZJ141-1 Soil,Swordfern Soil Bait Isolates,,,4/18/25,V8 Broth Racks & Soil Swordfern Isolates,final,,Group 18,Phytophthora cambivora,yes,V8B,,
FZJ141-2 Soil,Swordfern Soil Bait Isolates,,,4/18/25,V8 Broth Racks & Soil Swordfern Isolates,final,,Group 18,Phytophthora cambivora,yes,V8B,,
FZJ142-1 Soil,Swordfern Soil Bait Isolates,4/10/25,,4/18/25,V8 Broth Racks & Soil Swordfern Isolates,final,,,Phytopythium citrinum,yes,V8B,,
FZJ142-2 Soil,Swordfern Soil Bait Isolates,4/10/25,,4/18/25,V8 Broth Racks & Soil Swordfern Isolates,final,,,Phytophthora cactorum,yes,V8B,,
FZJ142-3 Soil,Swordfern Soil Bait Isolates,,,4/18/25,V8 Broth Racks & Soil Swordfern Isolates,final,,,Pythium macrosporum,yes,V8B,,
T1C2-1,Seward Park Soils Greenhouse Trial,,,3/24/25,Seward soil for greenhouse trials - heat treated,final,,,Pythium attrantheridium,,,,"T1C2-1, T1W3-2, T1W1-2, and T1W1-1 are all the same species"
T1W1-1,Seward Park Soils Greenhouse Trial,,,3/24/25,Seward soil for greenhouse trials - wild,final,,,Pythium attrantheridium,,,,"T1C2-1, T1W3-2, T1W1-2, and T1W1-1 are all the same species"
T1W1-2,Seward Park Soils Greenhouse Trial,,,3/24/25,Seward soil for greenhouse trials - wild,final,,,Pythium attrantheridium,,,,"T1C2-1, T1W3-2, T1W1-2, and T1W1-1 are all the same species"
T1W2-1,Seward Park Soils Greenhouse Trial,,,,,,,,Mortierella,,,,
T1W2-2,Seward Park Soils Greenhouse Trial,,,,,,,,Mortierella,,,,
T1W3-1B,Seward Park Soils Greenhouse Trial,,,,,,,,Mortierella,,,,
T1W3-2,Seward Park Soils Greenhouse Trial,,4/2/25,3/24/25,Seward soil for greenhouse trials - wild,final,,,Pythium macrosporum,,,,"T1C2-1, T1W3-2, T1W1-2, and T1W1-1 are all the same species"
T2W1-2,Seward Park Soils Greenhouse Trial,,,,,,,,Mortierella,,,,
T2W3-1,Seward Park Soils Greenhouse Trial,,,,,,,,Phytophthora syringae,,,,