Sample ID,Collection Date,iNat User,url,place_guess,latitude,longitude,scientific_name,common_name,plant health condition,plant symptom,Dieback percent,site type,site/area disturbance level,site hydrology,site/location description,slope position,percent of plants (of same species) affected within sight (%),regeneration present?,soil sample number,Phytophthora likely,Notes,Notes Extra
FZJ001,10/28/24,imontejano05,https://www.inaturalist.org/observations/249522107,"Mercer Island, Mercer Island, WA, US",47.56543,-122.213,Polystichum munitum,western sword fern,Poor,Browning fronds,60,Suburban,"Low - fairly natural, not much development",Upland or well drained,Urban yard or open park grounds,No selection,5,No there are not any new plants,SF1,,,
FZJ002,10/28/24,imontejano05,https://www.inaturalist.org/observations/249522887,"Mercer Island, Mercer Island, WA, US",47.5653,-122.213,Polystichum munitum,western sword fern,Poor,Browning fronds,75,Suburban,"Low - fairly natural, not much development",Upland or well drained,Urban yard or open park grounds,Middle of a slope,15,Not Sure,SF2,,,
FZJ003,10/28/24,imontejano05,https://www.inaturalist.org/observations/249523063,"Mercer Island, Mercer Island, WA, US",47.56523,-122.213,Polystichum munitum,western sword fern,Good,Healthy,2,Suburban,"Low - fairly natural, not much development",Upland or well drained,Urban yard or open park grounds,Lower slope,3,No there are not any new plants,SF3,,,
FZJ004,10/28/24,imontejano05,https://www.inaturalist.org/observations/249523844,"Mercer Island, Mercer Island, WA, US",47.56516,-122.213,Polystichum munitum,western sword fern,Dead,Collapse of All Fronds,100,Suburban,"Low - fairly natural, not much development",Upland or well drained,Urban yard or open park grounds,Top of slope,5,No Selection,SF4,Yes,,
FZJ005,10/28/24,figgywiggums,https://www.inaturalist.org/observations/249524480,"Mercer Island, Mercer Island, WA, US",47.56513,-122.213,Polystichum munitum,western sword fern,Dead,Dead,100,Suburban,"Low - fairly natural, not much development",Upland or well drained,Urban yard or open park grounds,Lower slope,2,No there are not any new plants,SF5,,,
FZJ006,10/28/24,imontejano05,https://www.inaturalist.org/observations/249525347,"Mercer Island, Mercer Island, WA, US",47.5649,-122.213,Polystichum munitum,western sword fern,Dead,Dead,0,Suburban,"Low - fairly natural, not much development",Upland or well drained,Urban yard or open park grounds,Top of slope,3,No there are not any new plants,SF6,,,
FZJ007,10/28/24,imontejano05,https://www.inaturalist.org/observations/249527191,"Mercer Island, Mercer Island, WA, US",47.5651,-122.213,Polystichum munitum,western sword fern,Fair,No Selection,60,Suburban,"Low - fairly natural, not much development",Upland or well drained,Urban yard or open park grounds,Top of slope,3,No there are not any new plants,SF7,,,
FZJ008,10/28/24,imontejano05,https://www.inaturalist.org/observations/249528415,"Mercer Island, Mercer Island, WA, US",47.56495,-122.213,Polystichum munitum,western sword fern,Good,Browning fronds,2,Suburban,"Low - fairly natural, not much development",Upland or well drained,Urban yard or open park grounds,Top of slope,1,No there are not any new plants,SF8,,,
FZJ009,10/28/24,imontejano05,https://www.inaturalist.org/observations/249528757,"Mercer Island, Mercer Island, WA, US",47.565,-122.213,Polystichum munitum,western sword fern,Good,Collapse of Some Fronds,40,Suburban,"Low - fairly natural, not much development",Upland or well drained,Urban yard or open park grounds,Middle of a slope,2,Yes there are new plants,SF9,,,
FZJ010,10/28/24,imontejano05,https://www.inaturalist.org/observations/249538374,"Mercer Island, Mercer Island, WA, US",47.56509,-122.212,Polystichum munitum,western sword fern,Poor,Collapse of Some Fronds,45,Suburban,"Low - fairly natural, not much development",Upland or well drained,Urban yard or open park grounds,Lower slope,1,No there are not any new plants,SF10,,,
FZJ011,10/28/24,imontejano05,https://www.inaturalist.org/observations/249539500,"Seward Park, Seattle, WA, US",47.55448,-122.25,Polystichum munitum,western sword fern,Good,Collapse of Some Fronds,55,Suburban,"Medium (moderately used trails, etc)",Upland or well drained,Urban yard or open park grounds,Area is flat (e.g. field),0,Yes there are new plants,seward sf1,Yes,,
FZJ012,10/28/24,imontejano05,https://www.inaturalist.org/observations/249539633,"Seward Park, Seattle, WA, US",47.55478,-122.25,Polystichum munitum,western sword fern,Dead,No Selection,100,Suburban,"Medium (moderately used trails, etc)",Upland or well drained,Urban yard or open park grounds,Area is flat (e.g. field),3,No there are not any new plants,Seward sf2,Yes,,
FZJ013,10/28/24,imontejano05,https://www.inaturalist.org/observations/249539788,"Seward Park, Seattle, WA, US",47.5549,-122.25,Polystichum munitum,western sword fern,No Selection,No Selection,100,No Selection,No Selection,No Selection,No Selection,No selection,2,No Selection,Seward sf3,,Cyathus Striatus growing on dead Fern,
FZJ014,10/28/24,imontejano05,https://www.inaturalist.org/observations/249540600,"Seward Park, Seattle, WA, US",47.55563,-122.251,Polystichum munitum,western sword fern,No Selection,No Selection,75,No Selection,No Selection,No Selection,No Selection,No selection,2,No Selection,Seward sf4,Yes,,
FZJ015,10/28/24,imontejano05,https://www.inaturalist.org/observations/249542126,"Seward Park, Seattle, WA, US",47.55588,-122.251,Polystichum munitum,western sword fern,Poor,Collapse of Some Fronds,70,Suburban,"Medium (moderately used trails, etc)",Upland or well drained,Urban yard or open park grounds,Area is flat (e.g. field),35,No there are not any new plants,Seward sf5,Yes,,
FZJ016,10/28/24,imontejano05,https://www.inaturalist.org/observations/249542209,"Seward Park, Seattle, WA, US",47.55628,-122.251,Polystichum munitum,western sword fern,Dead,Dead,100,Suburban,"Medium (moderately used trails, etc)",Upland or well drained,Urban yard or open park grounds,Area is flat (e.g. field),75,No there are not any new plants,Seward sf6,,,
FZJ017,10/28/24,imontejano05,https://www.inaturalist.org/observations/249543025,"Seward Park, Seattle, WA, US",47.55705,-122.252,Polystichum munitum,western sword fern,Good,Collapse of Some Fronds,3,Suburban,"Medium (moderately used trails, etc)",Upland or well drained,Urban yard or open park grounds,Area is flat (e.g. field),1,No there are not any new plants,Seward sf7,,,
FZJ018,10/28/24,imontejano05,https://www.inaturalist.org/observations/249543399,"Seward Park, Seattle, WA, US",47.55739,-122.252,Polystichum munitum,western sword fern,Good,Healthy,2,Suburban,"Medium (moderately used trails, etc)",Upland or well drained,Urban yard or open park grounds,Area is flat (e.g. field),0,No there are not any new plants,Seward sf8,Yes,,
FZJ019,10/28/24,imontejano05,https://www.inaturalist.org/observations/249658770,"Seward Park, Seattle, WA, US",,,Polystichum munitum,western sword fern,Good,Healthy,1,Suburban,"Medium (moderately used trails, etc)",Upland or well drained,Urban yard or open park grounds,Area is flat (e.g. field),0,Not Sure,Seward sf9,Yes,"Original upload failed, no location",
FZJ020,1/24/25,figgywiggums,https://www.inaturalist.org/observations/259451034,"Blakely Harbor, Bainbridge Island, WA, US",47.59631,-122.524,Polystichum munitum,western sword fern,Poor,Browning fronds,10,Rural,"Medium (moderately used trails, etc)",Upland or well drained,Inside a forest canopy,Lower slope,60,No there are not any new plants,Fort Ward site 1,,,
FZJ021,1/24/25,figgywiggums,https://www.inaturalist.org/observations/259451035,"Blakely Harbor, Bainbridge Island, WA, US",47.59631,-122.524,Polystichum munitum,western sword fern,Poor,Browning fronds,10,Rural,"Medium (moderately used trails, etc)",Upland or well drained,Inside a forest canopy,Lower slope,60,No there are not any new plants,Fort Ward site 2,,,
FZJ022,1/24/25,figgywiggums,https://www.inaturalist.org/observations/259451036,"Blakely Harbor, Bainbridge Island, WA, US",47.59631,-122.524,Polystichum munitum,western sword fern,Dead,Browning fronds,10,Rural,"Medium (moderately used trails, etc)",Upland or well drained,Inside a forest canopy,Lower slope,60,No there are not any new plants,Fort Ward site 3,,"No roots, soil sample only",
FZJ023,1/24/25,figgywiggums,https://www.inaturalist.org/observations/259451037,"Blakely Harbor, Bainbridge Island, WA, US",47.59631,-122.524,Polystichum munitum,western sword fern,Poor,Browning fronds,10,Rural,"Medium (moderately used trails, etc)",Upland or well drained,Inside a forest canopy,Lower slope,60,No there are not any new plants,Fort Ward site 4,,"No soil sample, roots only",
FZJ024,1/24/25,figgywiggums,https://www.inaturalist.org/observations/259453708,"Blakely Harbor, Bainbridge Island, WA, US",47.59663,-122.524,Polystichum munitum,western sword fern,Poor,Browning fronds,5,Rural,"Medium (moderately used trails, etc)",Seasonally flooded area,Inside a forest canopy,Lower slope,10,Yes there are new plants,fort ward site 2,,,
FZJ025,1/24/25,figgywiggums,https://www.inaturalist.org/observations/259453709,"Blakely Harbor, Bainbridge Island, WA, US",47.59663,-122.524,Polystichum munitum,western sword fern,Poor,Browning fronds,5,Rural,"Medium (moderately used trails, etc)",Seasonally flooded area,Inside a forest canopy,Lower slope,10,Yes there are new plants,fort ward site 2,,,
FZJ026,1/24/25,figgywiggums,https://www.inaturalist.org/observations/259453710,"Blakely Harbor, Bainbridge Island, WA, US",47.59663,-122.524,Polystichum munitum,western sword fern,Dead,Browning fronds,5,Rural,"Medium (moderately used trails, etc)",Seasonally flooded area,Inside a forest canopy,Lower slope,10,Yes there are new plants,fort ward site 2,,"No roots, soil sample only",
FZJ027,1/24/25,figgywiggums,https://www.inaturalist.org/observations/259453711,"Blakely Harbor, Bainbridge Island, WA, US",47.59663,-122.524,Polystichum munitum,western sword fern,Poor,Browning fronds,5,Rural,"Medium (moderately used trails, etc)",Seasonally flooded area,Inside a forest canopy,Lower slope,10,Yes there are new plants,fort ward site 2,,"No soil sample, roots only",
FZJ028,1/24/25,figgywiggums,https://www.inaturalist.org/observations/259459909,"Blakely Harbor, Bainbridge Island, WA, US",47.59651,-122.523,Polystichum munitum,western sword fern,Poor,Multiple Symptoms (Please describe in Notes),45,Rural,"Medium (moderately used trails, etc)",Upland or well drained,Inside a forest canopy,Middle of a slope,70,Yes there are new plants,fort ward site 3,,,
FZJ029,1/24/25,figgywiggums,https://www.inaturalist.org/observations/259459910,"Blakely Harbor, Bainbridge Island, WA, US",47.59651,-122.523,Polystichum munitum,western sword fern,Poor,Multiple Symptoms (Please describe in Notes),45,Rural,"Medium (moderately used trails, etc)",Upland or well drained,Inside a forest canopy,Middle of a slope,70,Yes there are new plants,fort ward site 3,,,
FZJ030,1/24/25,figgywiggums,https://www.inaturalist.org/observations/259459911,"Blakely Harbor, Bainbridge Island, WA, US",47.59651,-122.523,Polystichum munitum,western sword fern,Dead,Multiple Symptoms (Please describe in Notes),45,Rural,"Medium (moderately used trails, etc)",Upland or well drained,Inside a forest canopy,Middle of a slope,70,Yes there are new plants,fort ward site 3,,"No roots, soil sample only",
FZJ031,1/24/25,figgywiggums,https://www.inaturalist.org/observations/259459912,"Blakely Harbor, Bainbridge Island, WA, US",47.59651,-122.523,Polystichum munitum,western sword fern,Poor,Multiple Symptoms (Please describe in Notes),45,Rural,"Medium (moderately used trails, etc)",Upland or well drained,Inside a forest canopy,Middle of a slope,70,Yes there are new plants,fort ward site 3,,"No soil sample, roots only",
FZJ032,1/24/25,figgywiggums,https://www.inaturalist.org/observations/259460146,"Bainbridge Island, Bainbridge Island, WA, US",47.59815,-122.519,Polystichum munitum,western sword fern,Poor,Browning fronds,5,Rural,"Medium (moderately used trails, etc)",Upland or well drained,Inside a forest canopy,Top of slope,30,Yes there are new plants,blakely cemetery  site 1,,,
FZJ033,1/24/25,figgywiggums,https://www.inaturalist.org/observations/259460147,"Bainbridge Island, Bainbridge Island, WA, US",47.59815,-122.519,Polystichum munitum,western sword fern,Dead,Browning fronds,5,Rural,"Medium (moderately used trails, etc)",Upland or well drained,Inside a forest canopy,Top of slope,30,Yes there are new plants,blakely cemetery  site 1,,"No roots, soil sample only",
FZJ034,1/24/25,figgywiggums,https://www.inaturalist.org/observations/259460148,"Bainbridge Island, Bainbridge Island, WA, US",47.59815,-122.519,Polystichum munitum,western sword fern,Poor,Browning fronds,5,Rural,"Medium (moderately used trails, etc)",Upland or well drained,Inside a forest canopy,Top of slope,30,Yes there are new plants,blakely cemetery  site 1,,,
FZJ035,1/24/25,figgywiggums,https://www.inaturalist.org/observations/259460149,"Bainbridge Island, Bainbridge Island, WA, US",47.59815,-122.519,Polystichum munitum,western sword fern,Poor,Browning fronds,5,Rural,"Medium (moderately used trails, etc)",Upland or well drained,Inside a forest canopy,Top of slope,30,Yes there are new plants,blakely cemetery  site 1,,"No soil sample, roots only",
FZJ036,1/24/25,figgywiggums,https://www.inaturalist.org/observations/259462788,"Bainbridge Island, Bainbridge Island, WA, US",47.59892,-122.519,Polystichum munitum,western sword fern,Dead,Browning fronds,5,Rural,"Medium (moderately used trails, etc)",Upland or well drained,Inside a forest canopy,Middle of a slope,15,Yes there are new plants,blakely cemetery trail site 2,,"No roots, soil sample only",
FZJ037,1/24/25,figgywiggums,https://www.inaturalist.org/observations/259462789,"Bainbridge Island, Bainbridge Island, WA, US",47.59892,-122.519,Polystichum munitum,western sword fern,Fair,Browning fronds,5,Rural,"Medium (moderately used trails, etc)",Upland or well drained,Inside a forest canopy,Middle of a slope,15,Yes there are new plants,blakely cemetery trail site 2,,,
FZJ038,1/24/25,figgywiggums,https://www.inaturalist.org/observations/259462790,"Bainbridge Island, Bainbridge Island, WA, US",47.59892,-122.519,Polystichum munitum,western sword fern,Fair,Browning fronds,5,Rural,"Medium (moderately used trails, etc)",Upland or well drained,Inside a forest canopy,Middle of a slope,15,Yes there are new plants,blakely cemetery trail site 2,,,
FZJ039,1/24/25,figgywiggums,https://www.inaturalist.org/observations/259462791,"Bainbridge Island, Bainbridge Island, WA, US",47.59892,-122.519,Polystichum munitum,western sword fern,Fair,Browning fronds,5,Rural,"Medium (moderately used trails, etc)",Upland or well drained,Inside a forest canopy,Middle of a slope,15,Yes there are new plants,blakely cemetery trail site 2,,"No soil sample, roots only",
FZJ040,1/24/25,figgywiggums,https://www.inaturalist.org/observations/259781454,"Blakely Harbor, Bainbridge Island, WA, US",47.59738,-122.519,Polystichum munitum,western sword fern,Dead,Browning fronds,20,Rural,"Medium (moderately used trails, etc)",Upland or well drained,Forest edge,Lower slope,70,Yes there are new plants,blakely harbor site 1,Yes,"No roots, soil sample only",
FZJ041,1/24/25,figgywiggums,https://www.inaturalist.org/observations/259781454,"Blakely Harbor, Bainbridge Island, WA, US",47.59738,-122.519,Polystichum munitum,western sword fern,Poor,Browning fronds,20,Rural,"Medium (moderately used trails, etc)",Upland or well drained,Forest edge,Lower slope,70,Yes there are new plants,blakely harbor site 1,,"No roots, soil sample only",
FZJ042,1/24/25,figgywiggums,https://www.inaturalist.org/observations/259781454,"Blakely Harbor, Bainbridge Island, WA, US",47.59738,-122.519,Polystichum munitum,western sword fern,Poor,Browning fronds,20,Rural,"Medium (moderately used trails, etc)",Upland or well drained,Forest edge,Lower slope,70,Yes there are new plants,blakely harbor site 1,,"No roots, soil sample only",
FZJ043,2/10/25,figgywiggums,https://www.inaturalist.org/observations/261274927,"Four Hundred Sixty-Second Street East, Eatonville, WA, US",46.84846,-122.297,Polystichum munitum,western sword fern,Dead,Collapse of All Fronds,50,Rural,"Medium (moderately used trails, etc)",No Selection,No Selection,No selection,35,No Selection,"Mashel Falls, Site 1, Fern 2",Yes,Dying,"***NOTE: While trying to download the iNat data ferns 2-3 didn't upload. I had to turn on the projecct again and the information was there, but once I uploaded it it all deleted so I am using Fern 1 conditions for all ferns like we would when just doing full site descriptions but using the photos to find dieback percetn"
FZJ044,2/10/25,figgywiggums,https://www.inaturalist.org/observations/261275929,"Four Hundred Sixty-Second Street East, Eatonville, WA, US",46.84871,-122.297,Polystichum munitum,western sword fern,Dead,Collapse of All Fronds,3,Rural,"Medium (moderately used trails, etc)",No Selection,No Selection,No selection,35,No Selection,"Mashel Falls, Site 1, Fern3",,,"***NOTE: While trying to download the iNat data ferns 2-3 didn't upload. I had to turn on the projecct again and the information was there, but once I uploaded it it all deleted so I am using Fern 1 conditions for all ferns like we would when just doing full site descriptions but using the photos to find dieback percetn"
FZJ045,2/10/25,figgywiggums,https://www.inaturalist.org/observations/261275929,"Four Hundred Sixty-Second Street East, Eatonville, WA, US",46.84871,-122.297,Polystichum munitum,western sword fern,,Collapse of All Fronds,3,Rural,"Medium (moderately used trails, etc)",No Selection,No Selection,No selection,35,No Selection,"Mashel Falls, Site 1, Fern 4",,,"***NOTE: While trying to download the iNat data ferns 2-3 didn't upload. I had to turn on the projecct again and the information was there, but once I uploaded it it all deleted so I am using Fern 1 conditions for all ferns like we would when just doing full site descriptions but using the photos to find dieback percetn"
FZJ046,1/30/25,,,Zeeks Pizza,,,,,Dead,,,,,,,,,,,Yes,Fern stump,
FZJ047,1/30/25,,,Zeeks Pizza,,,,,Dead,,,,,,,,,,,,Fern stump,
FZJ048,2/17/25,imontejano05,https://www.inaturalist.org/observations/262174091,"Morganmarsh Ln W, Seabeck, WA, US",47.55717,-122.88,Polystichum munitum,western sword fern,Good,No Selection,15,Rural,"Medium (moderately used trails, etc)",Upland or well drained,Other,Lower slope,15,Not Sure,Seabeck Site 1,,Fern 1,
FZJ049,2/17/25,imontejano05,https://www.inaturalist.org/observations/262174091,"Morganmarsh Ln W, Seabeck, WA, US",47.55717,-122.88,Polystichum munitum,western sword fern,Good,No Selection,15,Rural,"Medium (moderately used trails, etc)",Upland or well drained,Other,Lower slope,15,Not Sure,Seabeck Site 1,,Fern 2,
FZJ050,2/17/25,imontejano05,https://www.inaturalist.org/observations/262174091,"Morganmarsh Ln W, Seabeck, WA, US",47.55717,-122.88,Polystichum munitum,western sword fern,Good,No Selection,15,Rural,"Medium (moderately used trails, etc)",Upland or well drained,Other,Lower slope,15,Not Sure,Seabeck Site 1,,Fern 3,
FZJ051,2/17/25,figgywiggums,https://www.inaturalist.org/observations/262021905,"Morganmarsh Ln W, Seabeck, WA, US",47.55747,-122.881,Polystichum munitum,western sword fern,Good,Healthy,2,Rural,"Low - fairly natural, not much development",Upland or well drained,Forest edge,Top of slope,15,No there are not any new plants,seabeck site 2,,Fern 1,
FZJ052,2/17/25,figgywiggums,https://www.inaturalist.org/observations/262021905,"Morganmarsh Ln W, Seabeck, WA, US",47.55747,-122.881,Polystichum munitum,western sword fern,Good,Healthy,2,Rural,"Low - fairly natural, not much development",Upland or well drained,Forest edge,Top of slope,15,No there are not any new plants,seabeck site 2,,Fern 2,
FZJ053,2/17/25,figgywiggums,https://www.inaturalist.org/observations/262021905,"Morganmarsh Ln W, Seabeck, WA, US",47.55747,-122.881,Polystichum munitum,western sword fern,Good,Healthy,2,Rural,"Low - fairly natural, not much development",Upland or well drained,Forest edge,Top of slope,15,No there are not any new plants,seabeck site 2,,Fern 3,
FZJ054,2/17/25,figgywiggums,https://www.inaturalist.org/observations/262023034,"Morganmarsh Ln W, Seabeck, WA, US",47.55708,-122.88,Polystichum munitum,western sword fern,Good,Collapse of Some Fronds,35,Rural,"Low - fairly natural, not much development",Upland or well drained,Forest edge,Riverbank,75,No there are not any new plants,seabeck site 3,,Fern 1,
FZJ055,2/17/25,figgywiggums,https://www.inaturalist.org/observations/262023034,"Morganmarsh Ln W, Seabeck, WA, US",47.55708,-122.88,Polystichum munitum,western sword fern,Good,Collapse of Some Fronds,35,Rural,"Low - fairly natural, not much development",Upland or well drained,Forest edge,Riverbank,75,No there are not any new plants,seabeck site 3,,Fern 2,
FZJ056,2/17/25,figgywiggums,https://www.inaturalist.org/observations/262023034,"Morganmarsh Ln W, Seabeck, WA, US",47.55708,-122.88,Polystichum munitum,western sword fern,Good,Collapse of Some Fronds,35,Rural,"Low - fairly natural, not much development",Upland or well drained,Forest edge,Riverbank,75,No there are not any new plants,seabeck site 3,,Fern 3,
FZJ057,2/17/25,figgywiggums,https://www.inaturalist.org/observations/262024701,"Morganmarsh Ln W, Seabeck, WA, US",47.55689,-122.88,Polystichum munitum,western sword fern,Poor,Collapse of Some Fronds,60,Rural,"Low - fairly natural, not much development",Upland or well drained,Forest edge,Riverbank,70,No there are not any new plants,seabeck site 4,,Fern 1,
FZJ058,2/17/25,figgywiggums,https://www.inaturalist.org/observations/262024701,"Morganmarsh Ln W, Seabeck, WA, US",47.55689,-122.88,Polystichum munitum,western sword fern,Poor,Collapse of Some Fronds,60,Rural,"Low - fairly natural, not much development",Upland or well drained,Forest edge,Riverbank,70,No there are not any new plants,seabeck site 4,,Fern 2,
FZJ059,2/17/25,figgywiggums,https://www.inaturalist.org/observations/262024701,"Morganmarsh Ln W, Seabeck, WA, US",47.55689,-122.88,Polystichum munitum,western sword fern,Poor,Collapse of Some Fronds,60,Rural,"Low - fairly natural, not much development",Upland or well drained,Forest edge,Riverbank,70,No there are not any new plants,seabeck site 4,,Fern 3,
FZJ060,2/17/25,figgywiggums,https://www.inaturalist.org/observations/262024825,"Morganmarsh Ln W, Seabeck, WA, US",47.55657,-122.88,Polystichum munitum,western sword fern,Poor,Multiple Symptoms (Please describe in Notes),75,Rural,"Low - fairly natural, not much development",Upland or well drained,Inside a forest canopy,Middle of a slope,80,No there are not any new plants,seabeck site 5,,Fern 1,
FZJ061,2/17/25,figgywiggums,https://www.inaturalist.org/observations/262024825,"Morganmarsh Ln W, Seabeck, WA, US",47.55657,-122.88,Polystichum munitum,western sword fern,Poor,Multiple Symptoms (Please describe in Notes),75,Rural,"Low - fairly natural, not much development",Upland or well drained,Inside a forest canopy,Middle of a slope,80,No there are not any new plants,seabeck site 5,,Fern 2,
FZJ062,2/17/25,figgywiggums,https://www.inaturalist.org/observations/262024825,"Morganmarsh Ln W, Seabeck, WA, US",47.55657,-122.88,Polystichum munitum,western sword fern,Poor,Multiple Symptoms (Please describe in Notes),75,Rural,"Low - fairly natural, not much development",Upland or well drained,Inside a forest canopy,Middle of a slope,80,No there are not any new plants,seabeck site 5,,Fern 3,
FZJ063,2/17/25,figgywiggums,https://www.inaturalist.org/observations/262172745,"Morganmarsh Ln W, Seabeck, WA, US",47.55661,-122.88,Polystichum munitum,western sword fern,Dead,Dead,100,Rural,"Low - fairly natural, not much development",Upland or well drained,Forest edge,Middle of a slope,85,Yes there are new plants,seabeck site 6,,Fern 1,
FZJ064,2/17/25,figgywiggums,https://www.inaturalist.org/observations/262172745,"Morganmarsh Ln W, Seabeck, WA, US",47.55661,-122.88,Polystichum munitum,western sword fern,Dead,Dead,100,Rural,"Low - fairly natural, not much development",Upland or well drained,Forest edge,Middle of a slope,85,Yes there are new plants,seabeck site 6,,Fern 2,
FZJ065,2/17/25,figgywiggums,https://www.inaturalist.org/observations/262172745,"Morganmarsh Ln W, Seabeck, WA, US",47.55661,-122.88,Polystichum munitum,western sword fern,Dead,Dead,100,Rural,"Low - fairly natural, not much development",Upland or well drained,Forest edge,Middle of a slope,85,Yes there are new plants,seabeck site 6,,Fern 3,
FZJ066,2/10/25,imontejano05,https://www.inaturalist.org/observations/261273420,"Four Hundred Sixty-Second Street East, Eatonville, WA, US",46.8485,-122.297,Polystichum munitum,western sword fern,Dead,Collapse of All Fronds,100,Rural,"Medium (moderately used trails, etc)",No Selection,No Selection,No selection,35,Yes there are new plants,"Mashel Falls, Site 1, Fern 1",,Dead,"***NOTE: While trying to download the iNat data ferns 2-3 didn't upload. I had to turn on the projecct again and the information was there, but once I uploaded it it all deleted so I am using Fern 1 conditions for all ferns like we would when just doing full site descriptions but using the photos to find dieback percetn"
FZJ067,2/21/25,imontejano05,https://www.inaturalist.org/observations/262595020,"SE 158th St, Issaquah, WA, US",47.46098487,-121.9876788,Polystichum munitum,western sword fern,Good,Browning fronds,2,Rural,"Low - fairly natural, not much development",Upland or well drained,Forest edge,Top of slope,2,No there are not any new plants,Issaquah Site 1 Fern 1,,Healthy,
FZJ068,2/21/25,imontejano05,https://www.inaturalist.org/observations/262595020,"SE 158th St, Issaquah, WA, US",47.46098487,-121.9876788,Polystichum munitum,western sword fern,Good,Browning fronds,2,Rural,"Low - fairly natural, not much development",Upland or well drained,Forest edge,Top of slope,2,No there are not any new plants,Issaquah Site 1 Fern 2,,Healthy,
FZJ069,2/21/25,imontejano05,https://www.inaturalist.org/observations/262595020,"SE 158th St, Issaquah, WA, US",47.46098487,-121.9876788,Polystichum munitum,western sword fern,Good,Browning fronds,2,Rural,"Low - fairly natural, not much development",Upland or well drained,Forest edge,Top of slope,2,No there are not any new plants,Issaquah Site 1 Fern 3,,Healthy,
FZJ070,2/21/25,imontejano05,https://www.inaturalist.org/observations/262597872,"SE 158th St, Issaquah, WA, US",47.46083457,-121.9877535,Polystichum munitum,western sword fern,Good,Healthy,0,Rural,"Low - fairly natural, not much development",Upland or well drained,Forest edge,Middle of a slope,1,No there are not any new plants,Issaquah Site 2 Fern 1,Yes,Healthy,
FZJ071,2/21/25,imontejano05,https://www.inaturalist.org/observations/262597872,"SE 158th St, Issaquah, WA, US",47.46083457,-121.9877535,Polystichum munitum,western sword fern,Good,Healthy,0,Rural,"Low - fairly natural, not much development",Upland or well drained,Forest edge,Middle of a slope,1,No there are not any new plants,Issaquah Site 2 Fern 2,,Healthy,
FZJ072,2/21/25,imontejano05,https://www.inaturalist.org/observations/262597872,"SE 158th St, Issaquah, WA, US",47.46083457,-121.9877535,Polystichum munitum,western sword fern,Good,Healthy,0,Rural,"Low - fairly natural, not much development",Upland or well drained,Forest edge,Middle of a slope,1,No there are not any new plants,Issaquah Site 2 Fern 3,,Healthy,
FZJ073,2/21/25,imontejano05,https://www.inaturalist.org/observations/262600866,"SE 158th St, Issaquah, WA, US",47.4607238,-121.9878334,Polystichum munitum,western sword fern,Poor,Browning fronds,45,Rural,"Low - fairly natural, not much development",Upland or well drained,Forest edge,Lower slope,45,No there are not any new plants,Issaquah Site 3 Fern 1,,"Dead/dying site, dying",
FZJ074,2/21/25,imontejano05,https://www.inaturalist.org/observations/262600866,"SE 158th St, Issaquah, WA, US",47.4607238,-121.9878334,Polystichum munitum,western sword fern,Poor,Browning fronds,45,Rural,"Low - fairly natural, not much development",Upland or well drained,Forest edge,Lower slope,45,No there are not any new plants,Issaquah Site 3 Fern 2,,"Dead/dying site, dying",
FZJ075,2/21/25,imontejano05,https://www.inaturalist.org/observations/262600866,"SE 158th St, Issaquah, WA, US",47.4607238,-121.9878334,Polystichum munitum,western sword fern,Poor,Browning fronds,45,Rural,"Low - fairly natural, not much development",Upland or well drained,Forest edge,Lower slope,45,No there are not any new plants,Issaquah Site 3 Fern 3,,"Dead/Dying site, stump",
FZJ076,2/21/25,imontejano05,https://www.inaturalist.org/observations/262600866,"SE 158th St, Issaquah, WA, US",47.4607238,-121.9878334,Polystichum munitum,western sword fern,Poor,Browning fronds,45,Rural,"Low - fairly natural, not much development",Upland or well drained,Forest edge,Lower slope,45,No there are not any new plants,Issaquah Site 3 Fern 4,,"Dead/Dying site, stump",
FZJ077,2/21/25,imontejano05,https://www.inaturalist.org/observations/262607476,"SE 158th St, Issaquah, WA, US",47.46058471,-121.9879506,Polystichum munitum,western sword fern,Poor,Collapse of Some Fronds,60,Rural,"Low - fairly natural, not much development",Upland or well drained,Forest edge,Lower slope,60,No there are not any new plants,Issaquah Site 4 Fern 1,,"Dead/dying site, dying",
FZJ078,2/21/25,imontejano05,https://www.inaturalist.org/observations/262607476,"SE 158th St, Issaquah, WA, US",47.46058471,-121.9879506,Polystichum munitum,western sword fern,Poor,Collapse of Some Fronds,60,Rural,"Low - fairly natural, not much development",Upland or well drained,Forest edge,Lower slope,60,No there are not any new plants,Issaquah Site 4 Fern 2,,"Dead/dying site, dying",
FZJ079,2/21/25,imontejano05,https://www.inaturalist.org/observations/262607476,"SE 158th St, Issaquah, WA, US",47.46058471,-121.9879506,Polystichum munitum,western sword fern,Poor,Collapse of Some Fronds,60,Rural,"Low - fairly natural, not much development",Upland or well drained,Forest edge,Lower slope,60,No there are not any new plants,Issaquah Site 4 Fern 3,,"Dead/Dying site, stump",
FZJ080,2/21/25,imontejano05,https://www.inaturalist.org/observations/262607476,"SE 158th St, Issaquah, WA, US",47.46058471,-121.9879506,Polystichum munitum,western sword fern,Poor,Collapse of Some Fronds,60,Rural,"Low - fairly natural, not much development",Upland or well drained,Forest edge,Lower slope,60,No there are not any new plants,Issaquah Site 4 Fern 4,,"Dead/Dying site, stump",
FZJ081,2/27/25,figgywiggums,https://www.inaturalist.org/observations/263292031,"NE Mountain Lake Dr, Belfair, WA, US",47.52071,-122.827,Polystichum munitum,western sword fern,Poor,Collapse of Some Fronds,35,Rural,"Medium (moderately used trails, etc)",Upland or well drained,Inside a forest canopy,Middle of a slope,75,No there are not any new plants,"belfair site 1, fern 1",,Dying,
FZJ082,2/27/25,figgywiggums,https://www.inaturalist.org/observations/263292031,"NE Mountain Lake Dr, Belfair, WA, US",47.52071,-122.827,Polystichum munitum,western sword fern,Poor,Collapse of Some Fronds,35,Rural,"Medium (moderately used trails, etc)",Upland or well drained,Inside a forest canopy,Middle of a slope,75,No there are not any new plants,"belfair site 1, fern 2",,Dying,
FZJ083,2/27/25,figgywiggums,https://www.inaturalist.org/observations/263292031,"NE Mountain Lake Dr, Belfair, WA, US",47.52071,-122.827,Polystichum munitum,western sword fern,Poor,Collapse of Some Fronds,35,Rural,"Medium (moderately used trails, etc)",Upland or well drained,Inside a forest canopy,Middle of a slope,75,No there are not any new plants,"belfair site 1, fern 3",Yes,Dead,
FZJ084,2/27/25,figgywiggums,https://www.inaturalist.org/observations/263295333,"NE Mountain Lake Dr, Belfair, WA, US",47.52052,-122.827,Polystichum munitum,western sword fern,Poor,Collapse of Some Fronds,35,Rural,"Medium (moderately used trails, etc)",Upland or well drained,Inside a forest canopy,Middle of a slope,65,No there are not any new plants,"belfair site 2, fern 1",,Dying,
FZJ085,2/27/25,figgywiggums,https://www.inaturalist.org/observations/263295333,"NE Mountain Lake Dr, Belfair, WA, US",47.52052,-122.827,Polystichum munitum,western sword fern,Poor,Collapse of Some Fronds,35,Rural,"Medium (moderately used trails, etc)",Upland or well drained,Inside a forest canopy,Middle of a slope,65,No there are not any new plants,"belfair site 2, fern 2",,Dying,
FZJ086,2/27/25,figgywiggums,https://www.inaturalist.org/observations/263295333,"NE Mountain Lake Dr, Belfair, WA, US",47.52052,-122.827,Polystichum munitum,western sword fern,Poor,Collapse of Some Fronds,35,Rural,"Medium (moderately used trails, etc)",Upland or well drained,Inside a forest canopy,Middle of a slope,65,No there are not any new plants,"belfair site 2, fern 3",,Dead,
FZJ087,2/27/25,figgywiggums,https://www.inaturalist.org/observations/263391626,"NE Mountain Lake Dr, Belfair, WA, US",47.52045,-122.828,Polystichum munitum,western sword fern,Fair,Collapse of Some Fronds,15,Rural,"Medium (moderately used trails, etc)",Upland or well drained,Forest edge,Lower slope,15,Yes there are new plants,"belfair site 3, fern 1",,Dying,
FZJ088,2/27/25,figgywiggums,https://www.inaturalist.org/observations/263391626,"NE Mountain Lake Dr, Belfair, WA, US",47.52045,-122.828,Polystichum munitum,western sword fern,Fair,Collapse of Some Fronds,15,Rural,"Medium (moderately used trails, etc)",Upland or well drained,Forest edge,Lower slope,15,Yes there are new plants,"belfair site 3, fern 2",Yes,Dying,
FZJ089,2/27/25,figgywiggums,https://www.inaturalist.org/observations/263391626,"NE Mountain Lake Dr, Belfair, WA, US",47.52045,-122.828,Polystichum munitum,western sword fern,Fair,Collapse of Some Fronds,15,Rural,"Medium (moderately used trails, etc)",Upland or well drained,Forest edge,Lower slope,15,Yes there are new plants,"belfair site 3, fern 3",Yes,Healthy,
FZJ090,2/27/25,figgywiggums,https://www.inaturalist.org/observations/263786295,"NE Mountain Lake Dr, Belfair, WA, US",47.5202,-122.828,Polystichum munitum,western sword fern,No Selection,No Selection,15,Rural,"Medium (moderately used trails, etc)",Seasonally flooded area,Forest edge,Floodplain or valley bottom,7,Yes there are new plants,"belfair site 4, fern 1",Yes,Dying ,
FZJ091,2/27/25,figgywiggums,https://www.inaturalist.org/observations/263786295,"NE Mountain Lake Dr, Belfair, WA, US",47.5202,-122.828,Polystichum munitum,western sword fern,No Selection,No Selection,15,Rural,"Medium (moderately used trails, etc)",Seasonally flooded area,Forest edge,Floodplain or valley bottom,7,Yes there are new plants,"belfair site 4, fern 2","Yes, overgrown",Healthy,
FZJ092,2/27/25,figgywiggums,https://www.inaturalist.org/observations/263786295,"NE Mountain Lake Dr, Belfair, WA, US",47.5202,-122.828,Polystichum munitum,western sword fern,No Selection,No Selection,15,Rural,"Medium (moderately used trails, etc)",Seasonally flooded area,Forest edge,Floodplain or valley bottom,7,Yes there are new plants,"belfair site 4, fern 3",,Dead,
FZJ093,3/3/25,figgywiggums,https://www.inaturalist.org/observations/263787239,"Tradition Plateau NRCA, Issaquah, WA, US",47.53158,-121.999,Polystichum munitum,western sword fern,Fair,Collapse of Some Fronds,8,Rural,"Medium (moderately used trails, etc)",Seasonally flooded area,Forest edge,Lower slope,20,No there are not any new plants,"swamp trail site 1, fern 1",Yes,Healthy,
FZJ094,3/3/25,figgywiggums,https://www.inaturalist.org/observations/263787239,"Tradition Plateau NRCA, Issaquah, WA, US",47.53158,-121.999,Polystichum munitum,western sword fern,Fair,Collapse of Some Fronds,8,Rural,"Medium (moderately used trails, etc)",Seasonally flooded area,Forest edge,Lower slope,20,No there are not any new plants,"swamp trail site 1, fern 2",Yes,Dying ,
FZJ095,3/3/25,figgywiggums,https://www.inaturalist.org/observations/263787239,"Tradition Plateau NRCA, Issaquah, WA, US",47.53158,-121.999,Polystichum munitum,western sword fern,Fair,Collapse of Some Fronds,8,Rural,"Medium (moderately used trails, etc)",Seasonally flooded area,Forest edge,Lower slope,20,No there are not any new plants,"swamp trail site 1, fern 3",Yes,Dead,
FZJ096,3/3/25,figgywiggums,https://www.inaturalist.org/observations/263900510,"Tradition Plateau NRCA, Issaquah, WA, US",47.53171,-122.002,Polystichum munitum,western sword fern,Fair,Multiple Symptoms (Please describe in Notes),15,Rural,"Medium (moderately used trails, etc)",Upland or well drained,Forest edge,Lower slope,5,Yes there are new plants,"swamp trail site 2, fern 1",Yes,Dying ,
FZJ097,3/3/25,figgywiggums,https://www.inaturalist.org/observations/263900510,"Tradition Plateau NRCA, Issaquah, WA, US",47.53171,-122.002,Polystichum munitum,western sword fern,Fair,Multiple Symptoms (Please describe in Notes),15,Rural,"Medium (moderately used trails, etc)",Upland or well drained,Forest edge,Lower slope,5,Yes there are new plants,"swamp trail site 2, fern 2",,Healthy,
FZJ098,3/3/25,figgywiggums,https://www.inaturalist.org/observations/263900510,"Tradition Plateau NRCA, Issaquah, WA, US",47.53171,-122.002,Polystichum munitum,western sword fern,Fair,Multiple Symptoms (Please describe in Notes),15,Rural,"Medium (moderately used trails, etc)",Upland or well drained,Forest edge,Lower slope,5,Yes there are new plants,"swamp trail site 2, fern 3",,Dead,
FZJ099,3/3/25,figgywiggums,https://www.inaturalist.org/observations/263900572,"Tradition Plateau NRCA, Issaquah, WA, US",47.53183,-122.003,Polystichum munitum,western sword fern,Poor,Multiple Symptoms (Please describe in Notes),40,Rural,"Medium (moderately used trails, etc)",Upland or well drained,Forest edge,Lower slope,50,Yes there are new plants,"Swamp trail site 3, fern 1",,Healthy,
FZJ100,3/3/25,figgywiggums,https://www.inaturalist.org/observations/263900572,"Tradition Plateau NRCA, Issaquah, WA, US",47.53183,-122.003,Polystichum munitum,western sword fern,Poor,Multiple Symptoms (Please describe in Notes),40,Rural,"Medium (moderately used trails, etc)",Upland or well drained,Forest edge,Lower slope,50,Yes there are new plants,"Swamp trail site 3, fern 2",,Dying ,
FZJ101,3/3/25,figgywiggums,https://www.inaturalist.org/observations/263900572,"Tradition Plateau NRCA, Issaquah, WA, US",47.53183,-122.003,Polystichum munitum,western sword fern,Poor,Multiple Symptoms (Please describe in Notes),40,Rural,"Medium (moderately used trails, etc)",Upland or well drained,Forest edge,Lower slope,50,Yes there are new plants,"Swamp trail site 3, fern 3",,Dead,
FZJ102,3/3/25,figgywiggums,https://www.inaturalist.org/observations/263900616,"Tradition Plateau NRCA, Issaquah, WA, US",47.53243,-122.007,Polystichum munitum,western sword fern,Good,Healthy,2,Rural,"Medium (moderately used trails, etc)",Upland or well drained,Forest edge,Lower slope,3,No there are not any new plants,"swamp trail site 4, fern 1",,Healthy,
FZJ103,3/3/25,figgywiggums,https://www.inaturalist.org/observations/263900616,"Tradition Plateau NRCA, Issaquah, WA, US",47.53243,-122.007,Polystichum munitum,western sword fern,Good,Healthy,2,Rural,"Medium (moderately used trails, etc)",Upland or well drained,Forest edge,Lower slope,3,No there are not any new plants,"swamp trail site 4, fern 2",,Healthy,
FZJ104,3/3/25,figgywiggums,https://www.inaturalist.org/observations/263900616,"Tradition Plateau NRCA, Issaquah, WA, US",47.53243,-122.007,Polystichum munitum,western sword fern,Good,Healthy,2,Rural,"Medium (moderately used trails, etc)",Upland or well drained,Forest edge,Lower slope,3,No there are not any new plants,"swamp trail site 4,fern 3",,Healthy,
FZJ105,3/3/25,figgywiggums,https://www.inaturalist.org/observations/263900677,"Mercer Island, Mercer Island, WA, US",47.58366,-122.225,Polystichum munitum,western sword fern,Good,Browning fronds,4,Rural,"Medium (moderately used trails, etc)",Upland or well drained,Inside a forest canopy,Middle of a slope,3,Not Sure,"Luther Burbank site 1, fern 1",,Dying ,
FZJ106,3/3/25,figgywiggums,https://www.inaturalist.org/observations/263900677,"Mercer Island, Mercer Island, WA, US",47.58366,-122.225,Polystichum munitum,western sword fern,Good,Browning fronds,4,Rural,"Medium (moderately used trails, etc)",Upland or well drained,Inside a forest canopy,Middle of a slope,3,Not Sure,"Luther Burbank site 1, fern 2",,Healthy,
FZJ107,3/3/25,figgywiggums,https://www.inaturalist.org/observations/263900677,"Mercer Island, Mercer Island, WA, US",47.58366,-122.225,Polystichum munitum,western sword fern,Good,Browning fronds,4,Rural,"Medium (moderately used trails, etc)",Upland or well drained,Inside a forest canopy,Middle of a slope,3,Not Sure,"Luther Burbank site 1, fern 3",Yes,Dead,
FZJ108,3/4/25,imontejano05,https://www.inaturalist.org/observations/263911651,"Olympic Pl, Port Ludlow, WA, US",47.92803,-122.684,Polystichum munitum,western sword fern,Fair,Browning fronds,10,Urban,"Heavy - a lot of development (e.g. parkinglots, pavement, heavy foot traffic, etc)",Upland or well drained,Urban yard or open park grounds,Area is flat (e.g. field),12,No there are not any new plants,"Portl Ludlow site 1, fern 1",,dying,
FZJ109,3/4/25,imontejano05,https://www.inaturalist.org/observations/263911651,"Olympic Pl, Port Ludlow, WA, US",47.92803,-122.684,Polystichum munitum,western sword fern,Fair,Browning fronds,10,Urban,"Heavy - a lot of development (e.g. parkinglots, pavement, heavy foot traffic, etc)",Upland or well drained,Urban yard or open park grounds,Area is flat (e.g. field),12,No there are not any new plants,"Portl Ludlow site 1, fern 2",,,
FZJ110,3/4/25,imontejano05,https://www.inaturalist.org/observations/263911651,"Olympic Pl, Port Ludlow, WA, US",47.92803,-122.684,Polystichum munitum,western sword fern,Fair,Browning fronds,10,Urban,"Heavy - a lot of development (e.g. parkinglots, pavement, heavy foot traffic, etc)",Upland or well drained,Urban yard or open park grounds,Area is flat (e.g. field),12,No there are not any new plants,"Portl Ludlow site 1, fern 3",,dying,
FZJ111,3/4/25,imontejano05,https://www.inaturalist.org/observations/263911651,"Olympic Pl, Port Ludlow, WA, US",47.92803,-122.684,Polystichum munitum,western sword fern,Fair,Browning fronds,10,Urban,"Heavy - a lot of development (e.g. parkinglots, pavement, heavy foot traffic, etc)",Upland or well drained,Urban yard or open park grounds,Area is flat (e.g. field),12,No there are not any new plants,"Portl Ludlow site 1, fern 4",,stump,
FZJ112,3/4/25,imontejano05,https://www.inaturalist.org/observations/263916171,"Keller Ln, Port Ludlow, WA, US",47.93155,-122.685,Polystichum munitum,western sword fern,Fair,Multiple Symptoms (Please describe in Notes),10,Rural,"Medium (moderately used trails, etc)",Upland or well drained,Urban yard or open park grounds,Middle of a slope,12,No there are not any new plants,"Port Ludlow site 2, fern 1",,healthy,
FZJ113,3/4/25,imontejano05,https://www.inaturalist.org/observations/263916171,"Keller Ln, Port Ludlow, WA, US",47.93155,-122.685,Polystichum munitum,western sword fern,Fair,Multiple Symptoms (Please describe in Notes),10,Rural,"Medium (moderately used trails, etc)",Upland or well drained,Urban yard or open park grounds,Middle of a slope,12,No there are not any new plants,"Port Ludlow site 2, fern2",,stump,
FZJ114,3/4/25,imontejano05,https://www.inaturalist.org/observations/263916171,"Keller Ln, Port Ludlow, WA, US",47.93155,-122.685,Polystichum munitum,western sword fern,Fair,Multiple Symptoms (Please describe in Notes),10,Rural,"Medium (moderately used trails, etc)",Upland or well drained,Urban yard or open park grounds,Middle of a slope,12,No there are not any new plants,"Port Ludlow site 2, fern 3",,dying,
FZJ115,3/4/25,imontejano05,https://www.inaturalist.org/observations/263917967,"Oak Bay Rd, Port Ludlow, WA, US",47.93093,-122.685,Polystichum munitum,western sword fern,Good,No Selection,7,Rural,"Medium (moderately used trails, etc)",Upland or well drained,Urban yard or open park grounds,Middle of a slope,5,No there are not any new plants,"Port Ludlow site 3 , fern 1",,healthy,
FZJ116,3/4/25,imontejano05,https://www.inaturalist.org/observations/263917967,"Oak Bay Rd, Port Ludlow, WA, US",47.93093,-122.685,Polystichum munitum,western sword fern,Good,No Selection,7,Rural,"Medium (moderately used trails, etc)",Upland or well drained,Urban yard or open park grounds,Middle of a slope,5,No there are not any new plants,"Port Ludlow site, fern 2",,dying,
FZJ117,3/4/25,imontejano05,https://www.inaturalist.org/observations/263917967,"Oak Bay Rd, Port Ludlow, WA, US",47.93093,-122.685,Polystichum munitum,western sword fern,Good,No Selection,7,Rural,"Medium (moderately used trails, etc)",Upland or well drained,Urban yard or open park grounds,Middle of a slope,5,No there are not any new plants,"Port Ludlow site 3, fern 3",,stump,
FZJ118,3/4/25,imontejano05,https://www.inaturalist.org/observations/263919522,"Oak Bay Rd, Port Ludlow, WA, US",47.93032,-122.685,Polystichum munitum,western sword fern,Fair,Browning fronds,,Rural,"Medium (moderately used trails, etc)",Upland or well drained,Urban yard or open park grounds,Middle of a slope,8,Yes there are new plants,"Port Ludlow Site 4, fern 1",,healthy,
FZJ119,3/4/25,imontejano05,https://www.inaturalist.org/observations/263919522,"Oak Bay Rd, Port Ludlow, WA, US",47.93032,-122.685,Polystichum munitum,western sword fern,Fair,Browning fronds,,Rural,"Medium (moderately used trails, etc)",Upland or well drained,Urban yard or open park grounds,Middle of a slope,8,Yes there are new plants,"Port Ludlow Site 4, fern 2",,dying,
FZJ120,3/4/25,imontejano05,https://www.inaturalist.org/observations/263919522,"Oak Bay Rd, Port Ludlow, WA, US",47.93032,-122.685,Polystichum munitum,western sword fern,Fair,Browning fronds,,Rural,"Medium (moderately used trails, etc)",Upland or well drained,Urban yard or open park grounds,Middle of a slope,8,Yes there are new plants,"Port Ludlow Site 4, fern 3",,stump,
FZJ121,3/13/25,imontejano05,https://www.inaturalist.org/observations/265189792,"Mercer Island, Mercer Island, WA, US",47.58283,-122.226,Polystichum munitum,western sword fern,Fair,Browning fronds,4,Suburban,"Low - fairly natural, not much development",Upland or well drained,Forest edge,Middle of a slope,4,No there are not any new plants,"Luther Burbank Site 2, Fern 1",,Healthy,
FZJ122,3/13/25,imontejano05,https://www.inaturalist.org/observations/265189792,"Mercer Island, Mercer Island, WA, US",47.58283,-122.226,Polystichum munitum,western sword fern,Fair,Browning fronds,4,Suburban,"Low - fairly natural, not much development",Upland or well drained,Forest edge,Middle of a slope,4,No there are not any new plants,"Luther Burbank Site 2, Fern 2",,Dying,
FZJ123,3/13/25,imontejano05,https://www.inaturalist.org/observations/265189792,"Mercer Island, Mercer Island, WA, US",47.58283,-122.226,Polystichum munitum,western sword fern,Fair,Browning fronds,4,Suburban,"Low - fairly natural, not much development",Upland or well drained,Forest edge,Middle of a slope,4,No there are not any new plants,"Luther Burbank Site 2, Fern 3",,Dying,
FZJ124,3/13/25,imontejano05,https://www.inaturalist.org/observations/265189792,"Mercer Island, Mercer Island, WA, US",47.58283,-122.226,Polystichum munitum,western sword fern,Fair,Browning fronds,4,Suburban,"Low - fairly natural, not much development",Upland or well drained,Forest edge,Middle of a slope,4,No there are not any new plants,"Luther Burbank Site 2, Fern 4",,Dead,
FZJ125,3/13/25,figgywiggums,https://www.inaturalist.org/observations/265203323,"Seward Park, Seattle, WA, US",47.55543,-122.249,Polystichum munitum,western sword fern,Good,Browning fronds,2,Suburban,"Medium (moderately used trails, etc)",Upland or well drained,Inside a forest canopy,Middle of a slope,10,No there are not any new plants,"ground zero seward, fern 1",,Healthy,
FZJ126,3/13/25,figgywiggums,https://www.inaturalist.org/observations/265203323,"Seward Park, Seattle, WA, US",47.55543,-122.249,Polystichum munitum,western sword fern,Good,Browning fronds,2,Suburban,"Medium (moderately used trails, etc)",Upland or well drained,Inside a forest canopy,Middle of a slope,10,No there are not any new plants,"ground zero seward, fern 2",,Healthy,
FZJ127,3/13/25,figgywiggums,https://www.inaturalist.org/observations/265206716,"Seward Park, Seattle, WA, US",47.55665,-122.251,Polystichum munitum,western sword fern,Poor,Collapse of Some Fronds,35,Suburban,"Medium (moderately used trails, etc)",Upland or well drained,Inside a forest canopy,Middle of a slope,15,No there are not any new plants,"sew-101, Fern 1",,Healthy,
FZJ128,3/13/25,figgywiggums,https://www.inaturalist.org/observations/265206716,"Seward Park, Seattle, WA, US",47.55665,-122.251,Polystichum munitum,western sword fern,Poor,Collapse of Some Fronds,35,Suburban,"Medium (moderately used trails, etc)",Upland or well drained,Inside a forest canopy,Middle of a slope,15,No there are not any new plants,"sew-101, Fern 2",,Dying,
FZJ129,3/13/25,figgywiggums,https://www.inaturalist.org/observations/265206716,"Seward Park, Seattle, WA, US",47.55665,-122.251,Polystichum munitum,western sword fern,Poor,Collapse of Some Fronds,35,Suburban,"Medium (moderately used trails, etc)",Upland or well drained,Inside a forest canopy,Middle of a slope,15,No there are not any new plants,"sew-101, Fern 3",,Dying,
FZJ130,3/13/25,figgywiggums,https://www.inaturalist.org/observations/265206716,"Seward Park, Seattle, WA, US",47.55665,-122.251,Polystichum munitum,western sword fern,Poor,Collapse of Some Fronds,35,Suburban,"Medium (moderately used trails, etc)",Upland or well drained,Inside a forest canopy,Middle of a slope,15,No there are not any new plants,"sew-101, Fern 4",,Dead,
FZJ131,3/13/25,figgywiggums,https://www.inaturalist.org/observations/265207958,"Seward Park, Seattle, WA, US",47.5561,-122.253,Polystichum munitum,western sword fern,Fair,Multiple Symptoms (Please describe in Notes),10,Suburban,"Medium (moderately used trails, etc)",Upland or well drained,Inside a forest canopy,Middle of a slope,8,Yes there are new plants,"fallen log seward, fern 1",,Healthy,
FZJ132,3/13/25,figgywiggums,https://www.inaturalist.org/observations/265207958,"Seward Park, Seattle, WA, US",47.5561,-122.253,Polystichum munitum,western sword fern,Fair,Multiple Symptoms (Please describe in Notes),10,Suburban,"Medium (moderately used trails, etc)",Upland or well drained,Inside a forest canopy,Middle of a slope,8,Yes there are new plants,"fallen log seward, fern 2",,Dying,
FZJ133,3/13/25,figgywiggums,https://www.inaturalist.org/observations/265207958,"Seward Park, Seattle, WA, US",47.5561,-122.253,Polystichum munitum,western sword fern,Fair,Multiple Symptoms (Please describe in Notes),10,Suburban,"Medium (moderately used trails, etc)",Upland or well drained,Inside a forest canopy,Middle of a slope,8,Yes there are new plants,"fallen log seward, fern 3",,Dying,
FZJ134,3/13/25,figgywiggums,https://www.inaturalist.org/observations/265207958,"Seward Park, Seattle, WA, US",47.5561,-122.253,Polystichum munitum,western sword fern,Fair,Multiple Symptoms (Please describe in Notes),10,Suburban,"Medium (moderately used trails, etc)",Upland or well drained,Inside a forest canopy,Middle of a slope,8,Yes there are new plants,"fallen log seward, fern 4",,Dead,
FZJ135,3/13/25,figgywiggums,https://www.inaturalist.org/observations/265305229,"Seward Park, Seattle, WA, US",47.55606,-122.252,Polystichum munitum,western sword fern,Fair,Multiple Symptoms (Please describe in Notes),15,Suburban,"Medium (moderately used trails, etc)",Upland or well drained,Inside a forest canopy,Lower slope,20,No there are not any new plants,"before bridge seward, fern 1",,Healthy,
FZJ136,3/13/25,figgywiggums,https://www.inaturalist.org/observations/265305229,"Seward Park, Seattle, WA, US",47.55606,-122.252,Polystichum munitum,western sword fern,Fair,Multiple Symptoms (Please describe in Notes),15,Suburban,"Medium (moderately used trails, etc)",Upland or well drained,Inside a forest canopy,Lower slope,20,No there are not any new plants,"before bridge seward, fern 2",,Dying,
FZJ137,3/13/25,figgywiggums,https://www.inaturalist.org/observations/265305229,"Seward Park, Seattle, WA, US",47.55606,-122.252,Polystichum munitum,western sword fern,Fair,Multiple Symptoms (Please describe in Notes),15,Suburban,"Medium (moderately used trails, etc)",Upland or well drained,Inside a forest canopy,Lower slope,20,No there are not any new plants,"before bridge seward, fern 3",,Dying,
FZJ138,3/13/25,figgywiggums,https://www.inaturalist.org/observations/265305229,"Seward Park, Seattle, WA, US",47.55606,-122.252,Polystichum munitum,western sword fern,Fair,Multiple Symptoms (Please describe in Notes),15,Suburban,"Medium (moderately used trails, etc)",Upland or well drained,Inside a forest canopy,Lower slope,20,No there are not any new plants,"before bridge seward, fern 4",Yes,Dead,
FZJ139,,,,Point Defiance,,,,Rhododendron Deep Clover H777,,,,,,,,,,,,,H777,
FZJ140,,,,Point Defiance,,,,Rhododendron Yakisiamum S707,,,,,,,,,,,,Yes,"3/4 dead, S707,","Joey: some writing is not legible, please write in excell sheet"
FZJ141,,,,Point Defiance,,,,Rhododendron Mirah x Barnes H806,,,,,,,,,,,,,,"Joey: some writing is not legible, please write in excell sheet"
FZJ142,,,,Gig Harbor,,,Thuja Plicata,western redcedar,,,,,,,,,,,,,Dead Top,"Joey: some writing is not legible, please write in excell sheet"